id,lemma,pos,gender,level,topics,forms,translation_ru,translation_uk,translation_en,example_nb,cloze_1_nb,cloze_1_answer,cloze_2_nb,cloze_2_answer,status,source
w-001,jobb,noun,m,A1,arbeid,ub_ent: en jobb | be_ent: jobben | ub_fl: jobber | be_fl: jobbene,работа,робота,job,Hun trives veldig godt i sin nye jobb.,Han søker på en ledig ___ i en barnehage.,jobb,Hver morgen reiser hun til ___ med buss.,jobben,draft,"Norsk Ordbank (oai-nb-no-sbr-5, CC BY 4.0)"
w-002,arbeid,noun,n,A1,arbeid,ub_ent: et arbeid | be_ent: arbeidet | ub_fl: arbeid | be_fl: arbeidene,"труд, работа","праця, робота","work, labor",Frivillig arbeid gir god erfaring i lokalsamfunnet.,Snekkeren utførte et grundig ___ på badet.,arbeid,Mange ansatte var fornøyde med ___ som ble gjort.,arbeidet,draft,"Norsk Ordbank (oai-nb-no-sbr-5, CC BY 4.0)"
w-003,kontor,noun,n,A1,arbeid,ub_ent: et kontor | be_ent: kontoret | ub_fl: kontorer | be_fl: kontorene,"офис, кабинет","офіс, кабінет",office,Vårt firma har et lyst kontor i sentrum.,Advokaten sitter ved skrivebordet på sitt ___ og leser sakspapirer.,kontor,Når stenger ___ på rådhuset på fredager?,kontoret,draft,"Norsk Ordbank (oai-nb-no-sbr-5, CC BY 4.0)"
w-004,kollega,noun,m,A1,arbeid,ub_ent: en kollega | be_ent: kollegaen | ub_fl: kolleger | be_fl: kollegene,коллега,колега,colleague,Min nye kollega hjalp meg med datasystemet.,Jeg spiste lunsj sammen med en hyggelig ___ fra avdelingen.,kollega,Alle de andre ___ møtte opp i tide til fellessamlingen.,kollegene,draft,"Norsk Ordbank (oai-nb-no-sbr-5, CC BY 4.0)"
w-005,sjef,noun,m,A1,arbeid,ub_ent: en sjef | be_ent: sjefen | ub_fl: sjefer | be_fl: sjefene,"начальник, шеф","керівник, начальник","boss, manager",Vår avdelingsleder er en rettferdig sjef som lytter.,Bedriften ansatte en erfaren ___ til å lede prosjektet.,sjef,Jeg må spørre ___ om fri på fredag ettermiddag.,sjefen,draft,"Norsk Ordbank (oai-nb-no-sbr-5, CC BY 4.0)"
w-006,lønn,noun,f,A1,arbeid,ub_ent: ei lønn | be_ent: lønna | ub_fl: lønner | be_fl: lønnene,зарплата,зарплата,"salary, wage",Arbeidstakerne forhandlet fram ei høyere lønn denne våren.,Stillingen tilbyr ei god ___ og gode pensjonsordninger.,lønn,Arbeidsgiveren utbetaler ___ den tolvte i hver måned.,lønna,draft,"Norsk Ordbank (oai-nb-no-sbr-5, CC BY 4.0)"
w-007,møte,noun,n,A1,arbeid,ub_ent: et møte | be_ent: møtet | ub_fl: møter | be_fl: møtene,"встреча, собрание","зустріч, збори",meeting,Ledelsen kalte inn til et viktig møte om budsjettet.,I morgen formiddag har teamet et kort ___ på Teams.,møte,Referatet fra ___ ble sendt ut på e-post til alle deltakerne.,møtet,draft,"Norsk Ordbank (oai-nb-no-sbr-5, CC BY 4.0)"
w-008,pause,noun,m,A1,arbeid,ub_ent: en pause | be_ent: pausen | ub_fl: pauser | be_fl: pausene,"перерыв, пауза","перерва, пауза","break, pause",Vi tar en velfortjent pause etter to timers intensiv jobbing.,Klokka tolv pleier håndverkerne å ta en halvtimes ___ til lunsj.,pause,Under ___ drakk kollegene kaffe ute i solveggen.,pausen,draft,"Norsk Ordbank (oai-nb-no-sbr-5, CC BY 4.0)"
w-009,erfaring,noun,f,A2,arbeid,ub_ent: ei erfaring | be_ent: erfaringa | ub_fl: erfaringer | be_fl: erfaringene,опыт,досвід,experience,Hun har mange års erfaring fra helsesektoren.,Å jobbe i kundeservice gir ei nyttig ___ med mennesker.,erfaring,Søkeren manglet den nødvendige ___ for denne lederstillingen.,erfaringa,draft,"Norsk Ordbank (oai-nb-no-sbr-5, CC BY 4.0)"
w-010,søknad,noun,m,A2,arbeid,ub_ent: en søknad | be_ent: søknaden | ub_fl: søknader | be_fl: søknadene,"заявление, заявка","заява, заявка",application,Han sendte inn en formell søknad før fristen gikk ut.,Husk å legge ved attester når du skriver en ___ om jobb.,søknad,Arbeidsgiveren leste grundig gjennom ___ fra den unge lærlingen.,søknaden,draft,"Norsk Ordbank (oai-nb-no-sbr-5, CC BY 4.0)"
w-011,kontrakt,noun,m,A2,arbeid,ub_ent: en kontrakt | be_ent: kontrakten | ub_fl: kontrakter | be_fl: kontraktene,"контракт, договор","контракт, договір",contract,Arbeidstakeren signerte en skriftlig kontrakt på personalkontoret.,Bedriften tilbyr en midlertidig ___ på seks måneder.,kontrakt,Les nøye gjennom vilkårene før du undertegner ___ med firmaet.,kontrakten,draft,"Norsk Ordbank (oai-nb-no-sbr-5, CC BY 4.0)"
w-012,vakt,noun,f,A2,arbeid,ub_ent: ei vakt | be_ent: vakta | ub_fl: vakter | be_fl: vaktene,"смена, дежурство","зміна, чергування","shift, watch",Sykepleieren har ei krevende vakt på akuttmottaket i kveld.,Vekteren tok på seg ei ekstra ___ i helgen.,vakt,Hvem skal overta ansvaret når ___ er ferdig klokka ti?,vakta,draft,"Norsk Ordbank (oai-nb-no-sbr-5, CC BY 4.0)"
w-013,oppgave,noun,m,A2,arbeid,ub_ent: en oppgave | be_ent: oppgaven | ub_fl: oppgaver | be_fl: oppgavene,"задание, задача","завдання, задача","task, assignment",Prosjektlederen ga meg en spennende oppgave om markedsanalyse.,Hver medarbeider har fått tildelt en viktig ___ for uka.,oppgave,Vi løste den vanskelige ___ i fellesskap på kontoret.,oppgaven,draft,"Norsk Ordbank (oai-nb-no-sbr-5, CC BY 4.0)"
w-014,kunde,noun,m,A1,arbeid,ub_ent: en kunde | be_ent: kunden | ub_fl: kunder | be_fl: kundene,"клиент, покупатель","клієнт, покупець","customer, client",Ekspeditøren smilte og hjalp en kunde med å finne riktig størrelse.,Butikksjefen snakket høflig med en ny ___ i resepsjonen.,kunde,Kassøren ga kvitteringen tilbake til ___ etter betalingen.,kunden,draft,"Norsk Ordbank (oai-nb-no-sbr-5, CC BY 4.0)"
w-015,ferie,noun,m,A1,arbeid,ub_ent: en ferie | be_ent: ferien | ub_fl: ferier | be_fl: feriene,"отпуск, каникулы","відпустка, канікули","vacation, holiday",Familien gleder seg til en lang ferie på fjellet i juli.,Mange arbeidstakere planlegger en avslappende ___ til syden.,ferie,Etter tre uker borte var ___ dessverre over.,ferien,draft,"Norsk Ordbank (oai-nb-no-sbr-5, CC BY 4.0)"
w-016,kurs,noun,n,A1,arbeid,ub_ent: et kurs | be_ent: kurset | ub_fl: kurs | be_fl: kursene,"курс, обучение","курс, навчання",course,De ansatte deltok på et kurs i førstehjelp forrige uke.,Jeg har meldt meg på et intensivt ___ i norsk grammatikk.,kurs,Læreren delte ut kompendiet den første dagen på ___.,kurset,draft,"Norsk Ordbank (oai-nb-no-sbr-5, CC BY 4.0)"
w-017,skjema,noun,n,A2,arbeid,ub_ent: et skjema | be_ent: skjemaet | ub_fl: skjemaer | be_fl: skjemaene,"бланк, анкета, форма","бланк, анкета, форма","form, schedule",Søkeren fylte ut et digitalt skjema på kommunens nettside.,Før legetimen må alle pasienter levere et utfylt ___.,skjema,Husk å signere nederst på ___ før du sender det inn.,skjemaet,draft,"Norsk Ordbank (oai-nb-no-sbr-5, CC BY 4.0)"
w-018,stilling,noun,f,A2,arbeid,ub_ent: ei stilling | be_ent: stillinga | ub_fl: stillinger | be_fl: stillingene,"должность, вакансия","посада, вакансія","position, job post",Skolen lyser ut ei fast stilling for norsklærer til høsten.,Ingeniøren søkte på ei ledig ___ innen fornybar energi.,stilling,Mange kvalifiserte kandidater meldte seg til ___.,stillinga,draft,"Norsk Ordbank (oai-nb-no-sbr-5, CC BY 4.0)"
w-019,bedrift,noun,m,A2,arbeid,ub_ent: en bedrift | be_ent: bedriften | ub_fl: bedrifter | be_fl: bedriftene,"предприятие, компания","підприємство, компанія","company, enterprise",Den lokale bedriften produserer miljøvennlige tremøbler.,Gründeren startet en vellykket ___ med fem ansatte.,bedrift,Direktøren presenterte årsresultatet for hele ___.,bedriften,draft,"Norsk Ordbank (oai-nb-no-sbr-5, CC BY 4.0)"
w-020,intervju,noun,n,A2,arbeid,ub_ent: et intervju | be_ent: intervjuet | ub_fl: intervjuer | be_fl: intervjuene,"собеседование, интервью","співбесіда, інтерв'ю",interview,Kandidaten forberedte seg godt til et digitalt intervju.,Jeg ble invitert til et andre ___ hos IT-selskapet.,intervju,Lederne stilte flere relevante spørsmål under ___.,intervjuet,draft,"Norsk Ordbank (oai-nb-no-sbr-5, CC BY 4.0)"
w-021,leilighet,noun,m,A1,bolig,ub_ent: en leilighet | be_ent: leiligheten | ub_fl: leiligheter | be_fl: leilighetene,квартира,квартира,"apartment, flat",Det unge paret leier en koselig leilighet nær togstasjonen.,De ser etter en romslig ___ med to soverom.,leilighet,Megleren viste fram den nyoppussede ___ til kjøperne.,leiligheten,draft,"Norsk Ordbank (oai-nb-no-sbr-5, CC BY 4.0)"
w-022,hus,noun,n,A1,bolig,ub_ent: et hus | be_ent: huset | ub_fl: hus | be_fl: husene,дом,будинок,house,Besteforeldrene mine bygde et rødt hus på landet i 1980.,Familien drømmer om å kjøpe et gammelt ___ med hage.,hus,Malerne malte hele ___ utvendig i løpet av helgen.,huset,draft,"Norsk Ordbank (oai-nb-no-sbr-5, CC BY 4.0)"
w-023,rom,noun,n,A1,bolig,ub_ent: et rom | be_ent: rommet | ub_fl: rom | be_fl: rommene,комната,кімната,room,Studenten leier et lite rom i et trivelig bofellesskap.,Hotellet hadde dessverre ikke et ledig ___ den natta.,rom,Gjestene la koffertene sine inn på ___.,rommet,draft,"Norsk Ordbank (oai-nb-no-sbr-5, CC BY 4.0)"
w-024,kjøkken,noun,n,A1,bolig,ub_ent: et kjøkken | be_ent: kjøkkenet | ub_fl: kjøkkener | be_fl: kjøkkenene,кухня,кухня,kitchen,De pusset opp et moderne kjøkken med hvite skapdører.,Leiligheten har et åpent ___ med spiseplass til fire.,kjøkken,Det lukter ferske boller fra ___ i ettermiddag.,kjøkkenet,draft,"Norsk Ordbank (oai-nb-no-sbr-5, CC BY 4.0)"
w-025,bad,noun,n,A1,bolig,ub_ent: et bad | be_ent: badet | ub_fl: bad | be_fl: badene,ванная комната,ванна кімната,bathroom,Boligen har et flislagt bad med varmekabler i gulvet.,Huset har to soverom og et stort ___ i andre etasje.,bad,Barna pusset tennene sine inne på ___ før sengetid.,badet,draft,"Norsk Ordbank (oai-nb-no-sbr-5, CC BY 4.0)"
w-026,soverom,noun,n,A1,bolig,ub_ent: et soverom | be_ent: soverommet | ub_fl: soverom | be_fl: soverommene,спальня,спальня,bedroom,Vi malte et lyst soverom i en beroligende blåfarge.,"Boligen inneholder stue, kjøkken og et romslig ___.",soverom,Vinduet på ___ vender ut mot en stille bakgård.,soverommet,draft,"Norsk Ordbank (oai-nb-no-sbr-5, CC BY 4.0)"
w-027,stue,noun,f,A1,bolig,ub_ent: ei stue | be_ent: stua | ub_fl: stuer | be_fl: stuene,гостиная,вітальня,living room,Familien samlet seg i ei varm stue for å se på film.,I helgen satte vi inn en ny sofa i ei lys ___.,stue,Gjestene satt og drakk te inne i ___.,stua,draft,"Norsk Ordbank (oai-nb-no-sbr-5, CC BY 4.0)"
w-028,husleie,noun,f,A1,bolig,ub_ent: ei husleie | be_ent: husleia | ub_fl: husleier | be_fl: husleiene,арендная плата,орендна плата,rent,Studentene betaler ei rimelig husleie inkludert strøm og internett.,Utleieren krever tre måneders depositum og ei fast ___.,husleie,Vi overfører ___ direkte til huseierens konto hver måned.,husleia,draft,"Norsk Ordbank (oai-nb-no-sbr-5, CC BY 4.0)"
w-029,nabo,noun,m,A1,bolig,ub_ent: en nabo | be_ent: naboen | ub_fl: naboer | be_fl: naboene,сосед,сусід,neighbor,Vår hjelpsomme nabo vanner blomstene når vi er bortreist.,I går slo jeg av en hyggelig prat med en ny ___ i oppgangen.,nabo,Vi hilste høflig på ___ da han gikk ut med hunden.,naboen,draft,"Norsk Ordbank (oai-nb-no-sbr-5, CC BY 4.0)"
w-030,etasje,noun,m,A1,bolig,ub_ent: en etasje | be_ent: etasjen | ub_fl: etasjer | be_fl: etasjene,этаж,поверх,"floor, storey",Legen har sitt kontor i en øvre etasje i helsehuset.,De eldre beboerne foretrekker å bo i en lav ___ uten trapper.,etasje,Heisen stoppet plutselig midt mellom fjerde og femte ___.,etasjen,draft,"Norsk Ordbank (oai-nb-no-sbr-5, CC BY 4.0)"
w-031,vindu,noun,n,A1,bolig,ub_ent: et vindu | be_ent: vinduet | ub_fl: vinduer | be_fl: vinduene,окно,вікно,window,Katten sitter ofte og kikker ut gjennom et vindu mot gata.,Kan du åpne et ___ for å lufte ut matlukten?,vindu,Vaskebyrået vasket ___ grundig både innvendig og utvendig.,vinduet,draft,"Norsk Ordbank (oai-nb-no-sbr-5, CC BY 4.0)"
w-032,balkong,noun,m,A1,bolig,ub_ent: en balkong | be_ent: balkongen | ub_fl: balkonger | be_fl: balkongene,балкон,балкон,balcony,Om sommeren spiser vi ofte frokost på en solrik balkong.,Leiligheten har en sørvendt ___ med flott utsikt over fjorden.,balkong,Naboen plantet røde tomater ute på ___.,balkongen,draft,"Norsk Ordbank (oai-nb-no-sbr-5, CC BY 4.0)"
w-033,dør,noun,f,A1,bolig,ub_ent: ei dør | be_ent: døra | ub_fl: dører | be_fl: dørene,дверь,двері,door,Snekkeren monterte ei solid dør i heltre i gangen.,Husk å låse ei ___ når du forlater kontoret om kvelden.,dør,Postbudet ringte på ___ før han leverte pakken.,døra,draft,"Norsk Ordbank (oai-nb-no-sbr-5, CC BY 4.0)"
w-034,nøkkel,noun,m,A1,bolig,ub_ent: en nøkkel | be_ent: nøkkelen | ub_fl: nøkler | be_fl: nøklene,ключ,ключ,key,Vaktmesteren lånte meg en ekstra nøkkel til sykkelboden.,Jeg må få filt en ny ___ til postkassa mi.,nøkkel,Han stakk ___ inn i låsen og vred om forsiktig.,nøkkelen,draft,"Norsk Ordbank (oai-nb-no-sbr-5, CC BY 4.0)"
w-035,bord,noun,n,A1,bolig,ub_ent: et bord | be_ent: bordet | ub_fl: bord | be_fl: bordene,стол,стіл,table,På kjøkkenet står et rundt bord i lys eik.,Familien kjøpte et praktisk ___ med plass til seks stoler.,bord,Middagen ble servert rykende varm på ___.,bordet,draft,"Norsk Ordbank (oai-nb-no-sbr-5, CC BY 4.0)"
w-036,seng,noun,f,A1,bolig,ub_ent: ei seng | be_ent: senga | ub_fl: senger | be_fl: sengene,кровать,ліжко,bed,Barnet sovnet raskt i ei myk seng etter en lang dag ute.,På gjesterommet plasserte vi ei komfortabel ___ til besøkende.,seng,Hver kveld leser faren et eventyr på sengekanten ved ___.,senga,draft,"Norsk Ordbank (oai-nb-no-sbr-5, CC BY 4.0)"
w-037,stol,noun,m,A1,bolig,ub_ent: en stol | be_ent: stolen | ub_fl: stoler | be_fl: stolene,"стул, кресло","стілець, крісло",chair,Bestefar satte seg til rette i en god stol ved peisen.,Eleven fant en ledig ___ bakerst i klasserommet.,stol,Hun reiste seg raskt opp fra ___ da læreren kom inn.,stolen,draft,"Norsk Ordbank (oai-nb-no-sbr-5, CC BY 4.0)"
w-038,skap,noun,n,A1,bolig,ub_ent: et skap | be_ent: skapet | ub_fl: skap | be_fl: skapene,шкаф,шафа,"cupboard, wardrobe",I entreen henger kåpene i et stort skap med speildører.,Kokken satte de rene tallerkenene inn i et ___.,skap,Medisinene oppbevares trygt innelåst i ___ på badet.,skapet,draft,"Norsk Ordbank (oai-nb-no-sbr-5, CC BY 4.0)"
w-039,heis,noun,m,A1,bolig,ub_ent: en heis | be_ent: heisen | ub_fl: heiser | be_fl: heisene,лифт,ліфт,"elevator, lift",Bygården har en moderne heis som går helt opp til loftet.,Eldre beboere trenger en pålitelig ___ når de bærer handleposer.,heis,Trykk på knappen for å kalle på ___.,heisen,draft,"Norsk Ordbank (oai-nb-no-sbr-5, CC BY 4.0)"
w-040,trapp,noun,f,A1,bolig,ub_ent: ei trapp | be_ent: trappa | ub_fl: trapper | be_fl: trappene,лестница,сходи,"stairs, staircase",Legen anbefaler å gå i ei trapp hver dag for å holde formen.,Håndverkerne snekret ei bratt ___ opp til hemsen.,trapp,Postbudet gikk forsiktig ned ___ med den tunge esken.,trappa,draft,"Norsk Ordbank (oai-nb-no-sbr-5, CC BY 4.0)"
w-041,lege,noun,m,A1,helse,ub_ent: en lege | be_ent: legen | ub_fl: leger | be_fl: legene,"врач, доктор",лікар,"doctor, physician",Pasienten bestilte time hos en dyktig lege på helsestasjonen.,"Hvis smertene vedvarer, bør du oppsøke en ___ snarest.",lege,Etter en grundig undersøkelse skrev ___ ut en resept.,legen,draft,"Norsk Ordbank (oai-nb-no-sbr-5, CC BY 4.0)"
w-042,sykehus,noun,n,A1,helse,ub_ent: et sykehus | be_ent: sykehuset | ub_fl: sykehus | be_fl: sykehusene,больница,лікарня,hospital,Ambulansen kjørte den skadde pasienten til et regionalt sykehus.,Byen trenger et nytt og moderne ___ med større kapasitet.,sykehus,Kirurgen jobbet hele natta på ___ under beredskapen.,sykehuset,draft,"Norsk Ordbank (oai-nb-no-sbr-5, CC BY 4.0)"
w-043,pasient,noun,m,A1,helse,ub_ent: en pasient | be_ent: pasienten | ub_fl: pasienter | be_fl: pasientene,пациент,пацієнт,patient,Sykepleieren tok imot en urolig pasient på venteværelset.,Fastlegen undersøker en ny ___ hver halvtime.,pasient,Legen forklarte behandlingsplanen nøye til ___.,pasienten,draft,"Norsk Ordbank (oai-nb-no-sbr-5, CC BY 4.0)"
w-044,medisin,noun,m,A1,helse,ub_ent: en medisin | be_ent: medisinen | ub_fl: medisiner | be_fl: medisinene,"лекарство, медицина","ліки, медицина","medicine, medication",Farmasøyten fant fram en virksom medisin mot pollenallergi.,Legen foreskrev en beroligende ___ mot de sterke smertene.,medisin,Husk å ta ___ sammen med et glass vann etter maten.,medisinen,draft,"Norsk Ordbank (oai-nb-no-sbr-5, CC BY 4.0)"
w-045,tannlege,noun,m,A1,helse,ub_ent: en tannlege | be_ent: tannlegen | ub_fl: tannleger | be_fl: tannlegene,"стоматолог, зубной врач","стоматолог, зубний лікар",dentist,Jeg går til kontroll hos en hyggelig tannlege en gang i året.,"Når du har tannpine, må du snarest bestille time hos en ___.",tannlege,Etter boringen anbefalte ___ å bruke tanntråd daglig.,tannlegen,draft,"Norsk Ordbank (oai-nb-no-sbr-5, CC BY 4.0)"
w-046,time,noun,m,A1,helse,ub_ent: en time | be_ent: timen | ub_fl: timer | be_fl: timene,"час, приём (по записи)","година, прийом (за записом)","hour, appointment",Pasienten har bestilt en time hos fysioterapeuten på fredag.,Togreisen fra Oslo til Drammen tar omtrent en ___.,time,Husk å møte opp ti minutter før ___ starter hos spesialisten.,timen,draft,"Norsk Ordbank (oai-nb-no-sbr-5, CC BY 4.0)"
w-047,smerte,noun,m,A2,helse,ub_ent: en smerte | be_ent: smerten | ub_fl: smerter | be_fl: smertene,боль,біль,"pain, ache",Idrettsutøveren kjente en stikkende smerte i kneet under treningen.,Pasienten beskrev en intens ___ i ryggen til legen.,smerte,Etter inntak av smertestillende avtok ___ gradvis.,smerten,draft,"Norsk Ordbank (oai-nb-no-sbr-5, CC BY 4.0)"
w-048,feber,noun,m,A1,helse,ub_ent: en feber | be_ent: feberen,"жар, температура","гарячка, температура",fever,Barnet ble hjemme fra barnehagen med høy feber i går.,Termometeret viste at den syke jenta hadde en lett ___.,feber,Legen ba foreldrene følge nøye med på om ___ stiger.,feberen,draft,"Norsk Ordbank (oai-nb-no-sbr-5, CC BY 4.0)"
w-049,resept,noun,m,A2,helse,ub_ent: en resept | be_ent: resepten | ub_fl: resepter | be_fl: reseptene,рецепт (медицинский),рецепт (медичний),prescription,Legen sendte en elektronisk resept direkte til apoteket.,Antibiotika kan bare kjøpes mot en gyldig ___ fra lege.,resept,Apotekteknikeren sjekket ___ i det nasjonale registeret.,resepten,draft,"Norsk Ordbank (oai-nb-no-sbr-5, CC BY 4.0)"
w-050,apotek,noun,n,A1,helse,ub_ent: et apotek | be_ent: apoteket | ub_fl: apotek | be_fl: apotekene,аптека,аптека,pharmacy,Kunden gikk til et døgnåpent apotek for å hente smertestillende.,I kjøpesenteret ligger det et velutstyrt ___ ved inngangen.,apotek,Vakten åpnet døra til ___ klokka ni om morgenen.,apoteket,draft,"Norsk Ordbank (oai-nb-no-sbr-5, CC BY 4.0)"
w-051,kropp,noun,m,A1,helse,ub_ent: en kropp | be_ent: kroppen | ub_fl: kropper | be_fl: kroppene,тело,тіло,body,Regelmessig mosjon styrker en sunn kropp og gir overskudd.,Trening og sunt kosthold holder en voksen ___ i god form.,kropp,Etter den lange fjellturen verket det i hele ___.,kroppen,draft,"Norsk Ordbank (oai-nb-no-sbr-5, CC BY 4.0)"
w-052,hode,noun,n,A1,helse,ub_ent: et hode | be_ent: hodet | ub_fl: hoder | be_fl: hodene,голова,голова,head,Syklisten tok på seg en hjelm for å beskytte et sårbart hode.,Luen var litt for liten for et stort ___.,hode,Pasienten klaget over intens verkende smerte i ___.,hodet,draft,"Norsk Ordbank (oai-nb-no-sbr-5, CC BY 4.0)"
w-053,mage,noun,m,A1,helse,ub_ent: en mage | be_ent: magen | ub_fl: mager | be_fl: magene,"живот, желудок","живіт, шлунок","stomach, belly",Legen klemte forsiktig på pasientens ømme mage under undersøkelsen.,Det er ubehagelig å løpe med en altfor full ___.,mage,Etter det store måltidet kjente han at ___ var mett.,magen,draft,"Norsk Ordbank (oai-nb-no-sbr-5, CC BY 4.0)"
w-054,rygg,noun,m,A1,helse,ub_ent: en rygg | be_ent: ryggen | ub_fl: rygger | be_fl: ryggene,спина,спина,back,Styrketrening bidrar til å bygge en sterk og stabil rygg.,Tungt løftearbeid kan skade en utrent ___ over tid.,rygg,Kontorarbeideren fikk vondt i ___ av å sitte stille hele dagen.,ryggen,draft,"Norsk Ordbank (oai-nb-no-sbr-5, CC BY 4.0)"
w-055,arm,noun,m,A1,helse,ub_ent: en arm | be_ent: armen | ub_fl: armer | be_fl: armene,рука (от плеча до кисти),рука (від плеча до кисті),arm,Legen la en gipsbandasje på en brukket arm etter uhellet.,Tennisspilleren strakk en muskel i sin høyre ___.,arm,Sykepleieren satte vaksinen forsiktig inn i ___.,armen,draft,"Norsk Ordbank (oai-nb-no-sbr-5, CC BY 4.0)"
w-056,bein,noun,n,A1,helse,ub_ent: et bein | be_ent: beinet | ub_fl: bein | be_fl: beina,"нога, кость","нога, кістка","leg, bone",Skiløperen landet forkjært og skadet et bein i bakken.,Røntgenbildet viste et lite brudd i et tynt ___.,bein,Pasienten haltet litt på det venstre ___ etter fallet.,beinet,draft,"Norsk Ordbank (oai-nb-no-sbr-5, CC BY 4.0)"
w-057,hals,noun,m,A1,helse,ub_ent: en hals | be_ent: halsen | ub_fl: halser | be_fl: halsene,"горло, шея","горло, шия","throat, neck",Varm te med honning lindrer en sår hals ved forkjølelse.,Legen lyste med lykt for å inspisere en rød ___.,hals,Om vinteren knyter jeg alltid et ullskjerf rundt ___.,halsen,draft,"Norsk Ordbank (oai-nb-no-sbr-5, CC BY 4.0)"
w-058,søvn,noun,m,A1,helse,ub_ent: en søvn | be_ent: søvnen,сон,сон,sleep,Åtte timers uforstyrret søvn er avgjørende for mental helse.,Etter en slitsom arbeidsdag trengte han en god og dyp ___.,søvn,Kaffe sent på kvelden kan forstyrre ___ i nattetimene.,søvnen,draft,"Norsk Ordbank (oai-nb-no-sbr-5, CC BY 4.0)"
w-059,helse,noun,f,A1,helse,ub_ent: ei helse | be_ent: helsa,здоровье,здоров'я,health,Mange innbyggere tar bevisste grep for å ivareta ei god helse.,Frisk luft og grønnsaker bidrar til ei sterk ___ i hverdagen.,helse,Han sluttet å røyke for å passe bedre på ___.,helsa,draft,"Norsk Ordbank (oai-nb-no-sbr-5, CC BY 4.0)"
w-060,tablett,noun,m,A1,helse,ub_ent: en tablett | be_ent: tabletten | ub_fl: tabletter | be_fl: tablettene,таблетка,таблетка,"tablet, pill",Legen ba meg svelge en tablett med rikelig med væske.,Pasienten tok en smertestillende ___ rett før leggetid.,tablett,Apotekeren forklarte at ___ skal tas sammen med et måltid.,tabletten,draft,"Norsk Ordbank (oai-nb-no-sbr-5, CC BY 4.0)"
w-061,familie,noun,m,A1,familie,ub_ent: en familie | be_ent: familien | ub_fl: familier | be_fl: familiene,семья,"сім'я, родина",family,Til jul samlet en stor familie seg rundt middagsbordet.,Huset passer perfekt for en barnerik ___ som trenger god plass.,familie,I fjor sommer dro hele ___ på telttur til Lofoten.,familien,draft,"Norsk Ordbank (oai-nb-no-sbr-5, CC BY 4.0)"
w-062,barn,noun,n,A1,familie,ub_ent: et barn | be_ent: barnet | ub_fl: barn | be_fl: barna,"ребёнок, дети","дитина, діти","child, children",Småbarnsforeldrene trillet et fornøyd barn i barnevogna i parken.,Skolen arrangerte leker for hvert enkelt ___ i klassen.,barn,Moren sang ei beroligende vuggevise for ___ før hun slo av lyset.,barnet,draft,"Norsk Ordbank (oai-nb-no-sbr-5, CC BY 4.0)"
w-063,forelder,noun,m,A2,familie,ub_ent: en forelder | be_ent: forelderen | ub_fl: foreldre | be_fl: foreldrene,родитель,один з батьків,parent,Som en enslig forelder må man ofte planlegge dagene svært nøye.,I barnehagen må minst en ___ skrive under på samtykkeskjemaet.,forelder,Rektoren ønsket ___ velkommen til det årlige høstmøtet.,foreldrene,draft,"Norsk Ordbank (oai-nb-no-sbr-5, CC BY 4.0)"
w-064,mor,noun,f,A1,familie,ub_ent: ei mor | be_ent: mora | ub_fl: mødre | be_fl: mødrene,"мать, мама","мати, мама",mother,Barna tegnet et fargerikt kort til ei stolt mor på morsdagen.,Å bli ei nybakt ___ er en stor omveltning i livet.,mor,Jenta holdt ___ godt i hånden da de krysset den travle gata.,mora,draft,"Norsk Ordbank (oai-nb-no-sbr-5, CC BY 4.0)"
w-065,far,noun,m,A1,familie,ub_ent: en far | be_ent: faren | ub_fl: fedre | be_fl: fedrene,"отец, папа","батько, тато",father,Han er en omsorgsfull far som lager sunn kveldsmat til barna.,Læreren ringte til elevens ___ for å avtale et kort møte.,far,Sønnen arvet den gamle skinnjakken direkte fra ___.,faren,draft,"Norsk Ordbank (oai-nb-no-sbr-5, CC BY 4.0)"
w-066,søster,noun,f,A1,familie,ub_ent: ei søster | be_ent: søstera | ub_fl: søstre | be_fl: søstrene,сестра,сестра,sister,Lillebroren deler gjerne lekene sine med ei snill søster.,Han har ei eldre ___ som studerer jus i Bergen.,søster,Hver søndag ringer han til ___ for å slå av en prat.,søstera,draft,"Norsk Ordbank (oai-nb-no-sbr-5, CC BY 4.0)"
w-067,bror,noun,m,A1,familie,ub_ent: en bror | be_ent: broren | ub_fl: brødre | be_fl: brødrene,брат,брат,brother,Mellom to jevnaldrende brødre kan det oppstå både latter og krangel.,Hun hjelper ofte sin yngre ___ med matteleksene etter skolen.,bror,Den stolte jenta heiet entusiastisk på ___ under fotballkampen.,broren,draft,"Norsk Ordbank (oai-nb-no-sbr-5, CC BY 4.0)"
w-068,sønn,noun,m,A1,familie,ub_ent: en sønn | be_ent: sønnen | ub_fl: sønner | be_fl: sønnene,сын,син,son,Foreldrene gledet seg over en flink sønn som mestret pianospill.,Paret fikk en velskapt ___ på fødeavdelingen i Tromsø.,sønn,Faren lærte ___ å skifte dekk på bilen i garasjen.,sønnen,draft,"Norsk Ordbank (oai-nb-no-sbr-5, CC BY 4.0)"
w-069,datter,noun,f,A1,familie,ub_ent: ei datter | be_ent: dattera | ub_fl: døtre | be_fl: døtrene,дочь,донька,daughter,Mora leste eventyrbøker for ei lyttende datter på sengekanten.,Ekteparet har to sønner og ei lita ___ på fire år.,datter,Faren hjalp ___ med å sykle uten støttehjul på asfalten.,dattera,draft,"Norsk Ordbank (oai-nb-no-sbr-5, CC BY 4.0)"
w-070,venn,noun,m,A1,familie,ub_ent: en venn | be_ent: vennen | ub_fl: venner | be_fl: vennene,друг,друг,friend,En lojal venn lytter alltid når man opplever vanskelige dager.,Studenten ble kjent med en hyggelig ___ på norskkurset.,venn,I helgen inviterte han ___ hjem på felles middag.,vennen,draft,"Norsk Ordbank (oai-nb-no-sbr-5, CC BY 4.0)"
w-071,barnehage,noun,m,A1,familie,ub_ent: en barnehage | be_ent: barnehagen | ub_fl: barnehager | be_fl: barnehagene,детский сад,дитячий садок,"kindergarten, daycare",Kommunen åpnet en ny barnehage med stor lekeplass ute.,Foreldrene søkte om plass i en kommunal ___ i nærområdet.,barnehage,Klokka fire henter moren treåringen i ___.,barnehagen,draft,"Norsk Ordbank (oai-nb-no-sbr-5, CC BY 4.0)"
w-072,skole,noun,m,A1,familie,ub_ent: en skole | be_ent: skolen | ub_fl: skoler | be_fl: skolene,школа,школа,school,Elevene gleder seg til å begynne på en ny skole i august.,Bydelen har bygget en moderne ___ med stort bibliotek.,skole,Barna går sammen til ___ hver morgen klokka halv åtte.,skolen,draft,"Norsk Ordbank (oai-nb-no-sbr-5, CC BY 4.0)"
w-073,lærer,noun,m,A1,familie,ub_ent: en lærer | be_ent: læreren | ub_fl: lærere | be_fl: lærerne,"учитель, преподаватель","вчитель, викладач",teacher,En tålmodig lærer forklarer vanskelige ord på en enkel måte.,Klassen fikk en engasjert ___ i naturfag dette semesteret.,lærer,Etter timen stilte elevene flere spørsmål til ___.,læreren,draft,"Norsk Ordbank (oai-nb-no-sbr-5, CC BY 4.0)"
w-074,elev,noun,m,A1,familie,ub_ent: en elev | be_ent: eleven | ub_fl: elever | be_fl: elevene,"ученик, школьник","учень, школяр","pupil, student",Hver motivert elev løste matematikkoppgavene før tidsfristen.,Læreren hjalp en ny ___ med å finne riktig klasserom.,elev,Etter skoletid ble ___ sittende igjen for å gjøre lekser.,eleven,draft,"Norsk Ordbank (oai-nb-no-sbr-5, CC BY 4.0)"
w-075,lekse,noun,f,A1,familie,ub_ent: ei lekse | be_ent: leksa | ub_fl: lekser | be_fl: leksene,"домашнее задание, урок","домашнє завдання, урок","homework, lesson",Jenta leste ei lang lekse i samfunnsfag ved skrivebordet.,Læreren ga klassen ei overkommelig ___ til neste torsdag.,lekse,Han gjorde seg helt ferdig med ___ før han spilte fotball.,leksa,draft,"Norsk Ordbank (oai-nb-no-sbr-5, CC BY 4.0)"
w-076,bursdag,noun,m,A1,familie,ub_ent: en bursdag | be_ent: bursdagen | ub_fl: bursdager | be_fl: bursdagene,день рождения,день народження,birthday,Klassen feiret en morsom bursdag med sjokoladekake og ballonger.,Guttungen ønsket seg en rød sparkesykkel til sin ___.,bursdag,Alle vennene sang bursdagssangen for jubilanten under ___.,bursdagen,draft,"Norsk Ordbank (oai-nb-no-sbr-5, CC BY 4.0)"
w-077,bryllup,noun,n,A2,familie,ub_ent: et bryllup | be_ent: bryllupet | ub_fl: bryllup | be_fl: bryllupene,свадьба,весілля,wedding,Paret planla et intimt bryllup i en gammel trekirke ved fjorden.,Gjestene reiste langt for å overvære et storslått ___.,bryllup,Brudeparet danset sin første vals under ___ på kvelden.,bryllupet,draft,"Norsk Ordbank (oai-nb-no-sbr-5, CC BY 4.0)"
w-078,bestemor,noun,f,A1,familie,ub_ent: ei bestemor | be_ent: bestemora | ub_fl: bestemødre | be_fl: bestemødrene,бабушка,бабуся,"grandmother, grandma",Barnebarna elsker å besøke ei snill bestemor i ferien.,Han bakte eplekake sammen med ei omsorgsfull ___.,bestemor,Familien samlet seg for å feire åttiårsdagen til ___.,bestemora,draft,"Norsk Ordbank (oai-nb-no-sbr-5, CC BY 4.0)"
w-079,bestefar,noun,m,A1,familie,ub_ent: en bestefar | be_ent: bestefaren | ub_fl: bestefedre | be_fl: bestefedrene,дедушка,дідусь,"grandfather, grandpa",Gutten gikk turer i skogen sammen med en sprek bestefar.,Han lærte å fiske ørret av en tålmodig ___ i elva.,bestefar,Barnet satt trygt på fanget til ___ og hørte på historier.,bestefaren,draft,"Norsk Ordbank (oai-nb-no-sbr-5, CC BY 4.0)"
w-080,gjest,noun,m,A1,familie,ub_ent: en gjest | be_ent: gjesten | ub_fl: gjester | be_fl: gjestene,гость,гість,guest,Vertskapet tok vennlig imot en langveisfarende gjest i døra.,Hotellet tildelte romnøkkelen til en nyankommet ___ i skranken.,gjest,Kelneren serverte kaffe og kake til ___ ved bord nummer tre.,gjesten,draft,"Norsk Ordbank (oai-nb-no-sbr-5, CC BY 4.0)"
w-081,butikk,noun,m,A1,handel,ub_ent: en butikk | be_ent: butikken | ub_fl: butikker | be_fl: butikkene,магазин,"магазин, крамниця","shop, store",Kjøpmannen driver en koselig butikk med ferske råvarer på torget.,Vi stakk innom en lokal ___ for å kjøpe melk og brød.,butikk,Dørene til ___ stenger presis klokka tjueto på hverdager.,butikken,draft,"Norsk Ordbank (oai-nb-no-sbr-5, CC BY 4.0)"
w-082,pris,noun,m,A1,handel,ub_ent: en pris | be_ent: prisen | ub_fl: priser | be_fl: prisene,цена,ціна,price,Bonden solgte grønnsakene til en rimelig pris på torget.,Butikken tilbyr vinterjakker til en nedsatt ___ denne uka.,pris,Kunden spurte ekspeditøren hva ___ på den nye sykkelen var.,prisen,draft,"Norsk Ordbank (oai-nb-no-sbr-5, CC BY 4.0)"
w-083,tilbud,noun,n,A1,handel,ub_ent: et tilbud | be_ent: tilbudet | ub_fl: tilbud | be_fl: tilbudene,"скидка, специальное предложение","пропозиція, знижка","offer, sale",Supermarkedet annonserte et godt tilbud på fersk laks i avisa.,Klesbutikken har et gunstig ___ på varme vinterklær.,tilbud,Mange kunder benyttet seg av ___ før lageret ble tomt.,tilbudet,draft,"Norsk Ordbank (oai-nb-no-sbr-5, CC BY 4.0)"
w-084,kvittering,noun,f,A1,handel,ub_ent: ei kvittering | be_ent: kvitteringa | ub_fl: kvitteringer | be_fl: kvitteringene,"чек, квитанция","чек, квитанція",receipt,Kassøren ga meg ei utskrevet kvittering sammen med varene.,Ta alltid vare på ei ___ hvis du må bytte varen senere.,kvittering,Kunden viste fram ___ i kassa for å få pengene tilbake.,kvitteringa,draft,"Norsk Ordbank (oai-nb-no-sbr-5, CC BY 4.0)"
w-085,kort,noun,n,A1,handel,ub_ent: et kort | be_ent: kortet | ub_fl: kort | be_fl: kortene,банковская карта,банківська картка,card,Kunden betalte raskt med et bankkort i den trådløse terminalen.,De fleste butikker foretrekker at man betaler med et ___.,kort,Hun la ___ inntil betalingsterminalen for å tæppe.,kortet,draft,"Norsk Ordbank (oai-nb-no-sbr-5, CC BY 4.0)"
w-086,krone,noun,f,A1,handel,ub_ent: ei krone | be_ent: krona | ub_fl: kroner | be_fl: kronene,крона (валюта),крона (валюта),krone (currency),Kjøpmannen ga meg ei krone tilbake i vekslepenger ved kassa.,Varen kostet nittini ___ og femti øre på salg.,kroner,Kursen på den norske ___ har variert mye mot euroen i år.,krona,draft,"Norsk Ordbank (oai-nb-no-sbr-5, CC BY 4.0)"
w-087,pose,noun,m,A1,handel,ub_ent: en pose | be_ent: posen | ub_fl: poser | be_fl: posene,"пакет, мешок","пакет, мішок",bag,Kunden pakket eplene og brødet ned i en gjenbrukbar pose.,Trenger du en ekstra ___ til varene dine ved kassa?,pose,Hanken på papirposen røk fordi ___ var for tung.,posen,draft,"Norsk Ordbank (oai-nb-no-sbr-5, CC BY 4.0)"
w-088,vare,noun,f,A2,handel,ub_ent: ei vare | be_ent: vara | ub_fl: varer | be_fl: varene,товар,товар,"item, commodity, good",Grossisten leverte ei fersk vare direkte fra gården.,Butikken erstatter ei skadet ___ uten ekstra kostnad.,vare,Kunden sjekket holdbarhetsdatoen på ___ før kjøpet.,vara,draft,"Norsk Ordbank (oai-nb-no-sbr-5, CC BY 4.0)"
w-089,brød,noun,n,A1,handel,ub_ent: et brød | be_ent: brødet | ub_fl: brød | be_fl: brødene,хлеб,хліб,"bread, loaf",Bakeren tok et nystekt brød ut av den varme ovnen tidlig om morgenen.,Hver lørdag kjøper vi et grovt ___ fra bakeriet på hjørnet.,brød,Hun skar to tynne skiver av ___ til kveldsmaten.,brødet,draft,"Norsk Ordbank (oai-nb-no-sbr-5, CC BY 4.0)"
w-090,melk,noun,f,A1,handel,ub_ent: ei melk | be_ent: melka,молоко,молоко,milk,Bonden fylte ei krukke med fersk melk fra fjøset.,Barna drikker gjerne kald ___ til frokostblandingen sin.,melk,Sett kartongen med ___ tilbake inn i kjøleskapet etter bruk.,melka,draft,"Norsk Ordbank (oai-nb-no-sbr-5, CC BY 4.0)"
w-091,ost,noun,m,A1,handel,ub_ent: en ost | be_ent: osten | ub_fl: oster | be_fl: ostene,сыр,сир,cheese,Gårdsbutikken produserer en smaksrik ost av geitemelk.,Vi kjøpte en vellagret ___ til ostekvelden med naboene.,ost,Bruk ostehøvelen for å skjære tynne skiver av ___.,osten,draft,"Norsk Ordbank (oai-nb-no-sbr-5, CC BY 4.0)"
w-092,fisk,noun,m,A1,handel,ub_ent: en fisk | be_ent: fisken | ub_fl: fisker | be_fl: fiskene,рыба,риба,fish,Fiskeren dro opp en sprellende fisk fra det kalde fjellvannet.,Legen råder alle til å spise fersk ___ to ganger i uka.,fisk,Kokken stekte ___ i panna med smør og sitron.,fisken,draft,"Norsk Ordbank (oai-nb-no-sbr-5, CC BY 4.0)"
w-093,kjøtt,noun,n,A1,handel,ub_ent: et kjøtt | be_ent: kjøttet,мясо,м'ясо,meat,Slakteren skar opp magert kjøtt til helgens festmiddag.,Gryteretten krever mørt ___ av storfe for å bli velsmakende.,kjøtt,Kokken stekte ___ brunt på sterk varme før koking.,kjøttet,draft,"Norsk Ordbank (oai-nb-no-sbr-5, CC BY 4.0)"
w-094,frukt,noun,m,A1,handel,ub_ent: en frukt | be_ent: frukten | ub_fl: frukter | be_fl: fruktene,"фрукт, плод","фрукт, плід",fruit,Et eple er en sunn og saftig frukt som metter godt.,Barna fikk velge en frisk ___ til mellommåltid i barnehagen.,frukt,Skrell ___ forsiktig før du skjærer den opp i biter.,frukten,draft,"Norsk Ordbank (oai-nb-no-sbr-5, CC BY 4.0)"
w-095,grønnsak,noun,m,A1,handel,ub_ent: en grønnsak | be_ent: grønnsaken | ub_fl: grønnsaker | be_fl: grønnsakene,овощ,овоч,vegetable,Gulrot er en søt og sprø grønnsak som kan spises rå.,Brokkoli er en næringsrik ___ med høyt innhold av vitaminer.,grønnsak,Kunden la den ferske ___ forsiktig oppi handlekurven.,grønnsaken,draft,"Norsk Ordbank (oai-nb-no-sbr-5, CC BY 4.0)"
w-096,kaffe,noun,m,A1,handel,ub_ent: en kaffe | be_ent: kaffen,кофе,кава,coffee,Mange nordmenn starter dagen med en kopp rykende varm kaffe.,Servitøren skjenket opp en nytraktet ___ til gjesten.,kaffe,Hun drakk opp ___ før hun gikk til bussen.,kaffen,draft,"Norsk Ordbank (oai-nb-no-sbr-5, CC BY 4.0)"
w-097,vann,noun,n,A1,handel,ub_ent: et vann | be_ent: vannet,вода,вода,water,Kaldt vann fra springen smaker friskt etter en lang løpetur.,I Norge har vi rent og trygt ___ direkte i springen.,vann,Turgåeren fylte opp drikkeflaska si med ___ fra bekken.,vannet,draft,"Norsk Ordbank (oai-nb-no-sbr-5, CC BY 4.0)"
w-098,jakke,noun,f,A1,handel,ub_ent: ei jakke | be_ent: jakka | ub_fl: jakker | be_fl: jakkene,"куртка, пиджак","куртка, піджак",jacket,Om høsten trenger man ei vindtett jakke med god hette.,Kunden prøvde ei varm ___ i klesbutikken.,jakke,Han hang ___ opp på knaggen i entreen da han kom inn.,jakka,draft,"Norsk Ordbank (oai-nb-no-sbr-5, CC BY 4.0)"
w-099,sko,noun,m,A1,handel,ub_ent: en sko | be_ent: skoen | ub_fl: sko | be_fl: skoene,"ботинок, обувь","черевик, взуття",shoe,Turgåeren kjøpte en solid sko med kraftig gummisåle til fjellet.,Butikken manglet en matchende ___ i riktig størrelse.,sko,Han knyttet lissene på ___ før han løp ut døra.,skoen,draft,"Norsk Ordbank (oai-nb-no-sbr-5, CC BY 4.0)"
w-100,størrelse,noun,m,A1,handel,ub_ent: en størrelse | be_ent: størrelsen | ub_fl: størrelser | be_fl: størrelsene,размер,розмір,size,Kunden spurte om butikken hadde buksa i en større størrelse.,Skobutikken bestilte inn en sjelden ___ til kunden.,størrelse,"Genseren krympet i vask, så ___ passet ikke lenger.",størrelsen,draft,"Norsk Ordbank (oai-nb-no-sbr-5, CC BY 4.0)"
w-101,buss,noun,m,A1,transport,ub_ent: en buss | be_ent: bussen | ub_fl: busser | be_fl: bussene,автобус,автобус,bus,Mange pendlere tar en miljøvennlig buss til jobben hver morgen.,Det går en direkte ___ fra sentrum til flyplassen to ganger i timen.,buss,Passasjerene gikk om bord da ___ omsider ankom holdeplassen.,bussen,draft,"Norsk Ordbank (oai-nb-no-sbr-5, CC BY 4.0)"
w-102,tog,noun,n,A1,transport,ub_ent: et tog | be_ent: toget | ub_fl: tog | be_fl: togene,поезд,"потяг, поїзд",train,Reisende foretrekker et komfortabelt tog når de skal krysse fjellet.,Det går et raskt ___ mellom Oslo og Bergen flere ganger daglig.,tog,Konduktøren sjekket billettene da ___ forlot stasjonen.,toget,draft,"Norsk Ordbank (oai-nb-no-sbr-5, CC BY 4.0)"
w-103,trikk,noun,m,A1,transport,ub_ent: en trikk | be_ent: trikken | ub_fl: trikker | be_fl: trikkene,трамвай,трамвай,tram,I Oslos gater kjører en blå trikk med jevne mellomrom.,Turistene hoppet på en moderne ___ opp til Holmenkollen.,trikk,Føreren bremset forsiktig da ___ nærmet seg krysset.,trikken,draft,"Norsk Ordbank (oai-nb-no-sbr-5, CC BY 4.0)"
w-104,billett,noun,m,A1,transport,ub_ent: en billett | be_ent: billetten | ub_fl: billetter | be_fl: billettene,билет,квиток,ticket,Passasjeren kjøpte en elektronisk billett via mobilappen Ruter.,Husk å skaffe en gyldig ___ før du går om bord.,billett,Kontrolløren ba om å få se ___ under billettkontrollen.,billetten,draft,"Norsk Ordbank (oai-nb-no-sbr-5, CC BY 4.0)"
w-105,stasjon,noun,m,A1,transport,ub_ent: en stasjon | be_ent: stasjonen | ub_fl: stasjoner | be_fl: stasjonene,"станция, вокзал","станція, вокзал",station,Toget stoppet ved en liten stasjon midt ute på landsbygda.,Kommunen har pusset opp en historisk ___ langs jernbanelinjen.,stasjon,Mange pendlere ventet spent på perrongen på ___.,stasjonen,draft,"Norsk Ordbank (oai-nb-no-sbr-5, CC BY 4.0)"
w-106,holdeplass,noun,m,A1,transport,ub_ent: en holdeplass | be_ent: holdeplassen | ub_fl: holdeplasser | be_fl: holdeplassene,остановка (автобуса/трамвая),зупинка,"stop, bus stop",Utenfor rådhuset finnes en nyoppført holdeplass med leskur.,Bussen har en fast ___ like ved det lokale supermarkedet.,holdeplass,Passasjerene stilte seg opp i kø ved ___ i rushtiden.,holdeplassen,draft,"Norsk Ordbank (oai-nb-no-sbr-5, CC BY 4.0)"
w-107,bil,noun,m,A1,transport,ub_ent: en bil | be_ent: bilen | ub_fl: biler | be_fl: bilene,"автомобиль, машина","автомобіль, машина",car,Mange familier i Norge velger en stillegående elbil til hverdags.,Naboen sparte penger og kjøpte en brukt ___ i god stand.,bil,Mekanikeren skiftet motorolje og filter på ___ i går.,bilen,draft,"Norsk Ordbank (oai-nb-no-sbr-5, CC BY 4.0)"
w-108,sykkel,noun,m,A1,transport,ub_ent: en sykkel | be_ent: sykkelen | ub_fl: sykler | be_fl: syklene,велосипед,велосипед,"bicycle, bike",Om våren tar han fram en nysmurt sykkel fra boden.,Til konfirmasjonen ønsket gutten seg en tøff ___ med gir.,sykkel,Husk å låse fast ___ til stativet utenfor butikken.,sykkelen,draft,"Norsk Ordbank (oai-nb-no-sbr-5, CC BY 4.0)"
w-109,fly,noun,n,A1,transport,ub_ent: et fly | be_ent: flyet | ub_fl: fly | be_fl: flyene,самолёт,літак,"airplane, plane",Høyt oppe på den blå himmelen landet et stort fly fra London.,Flyplassen mottok et internasjonalt ___ med to timers forsinkelse.,fly,Kapteinen ba alle feste setebeltene før ___ lettet fra rullebanen.,flyet,draft,"Norsk Ordbank (oai-nb-no-sbr-5, CC BY 4.0)"
w-110,flyplass,noun,m,A1,transport,ub_ent: en flyplass | be_ent: flyplassen | ub_fl: flyplasser | be_fl: flyplassene,аэропорт,аеропорт,airport,Toget frakter tusenvis av reisende til en travel flyplass.,Øya har en liten lokal ___ med én enkelt rullebane.,flyplass,Sikkerhetskontrollen på ___ gikk heldigvis veldig kjapt i morges.,flyplassen,draft,"Norsk Ordbank (oai-nb-no-sbr-5, CC BY 4.0)"
w-111,ferge,noun,f,A1,transport,ub_ent: ei ferge | be_ent: ferga | ub_fl: ferger | be_fl: fergene,паром,пором,ferry,Vestlendingene er avhengige av ei elektrisk ferge over fjorden.,Turistene tok ei bilførende ___ for å komme ut til øygruppa.,ferge,Matrosen fortøyde ___ trygt til kaia i stormen.,ferga,draft,"Norsk Ordbank (oai-nb-no-sbr-5, CC BY 4.0)"
w-112,vei,noun,m,A1,transport,ub_ent: en vei | be_ent: veien | ub_fl: veier | be_fl: veiene,"дорога, путь","дорога, шлях","road, way",Veivesenet asfalterte en svingete vei over fjellet før ferien.,GPS-en ledet sjåføren inn på en smal ___ i skogen.,vei,Politiet stengte ___ på grunn av et stort steinras.,veien,draft,"Norsk Ordbank (oai-nb-no-sbr-5, CC BY 4.0)"
w-113,gate,noun,f,A1,transport,ub_ent: ei gate | be_ent: gata | ub_fl: gater | be_fl: gatene,улица,вулиця,street,Byplanleggerne gjorde ei travel gate om til gågate.,Kaféen ligger i ei rolig ___ like bak domkirken.,gate,Barna lekte trygt ute i ___ om sommerettermiddagen.,gata,draft,"Norsk Ordbank (oai-nb-no-sbr-5, CC BY 4.0)"
w-114,trafikk,noun,m,A1,transport,ub_ent: en trafikk | be_ent: trafikken,"дорожное движение, трафик","дорожній рух, трафік",traffic,I rushtiden oppstår det en tett trafikk på innfartsårene til byen.,Tunnelen ble stengt for å avlaste en uvanlig stor ___.,trafikk,Politiet dirigerte ___ rolig forbi ulykkesstedet.,trafikken,draft,"Norsk Ordbank (oai-nb-no-sbr-5, CC BY 4.0)"
w-115,førerkort,noun,n,A2,transport,ub_ent: et førerkort | be_ent: førerkortet | ub_fl: førerkort | be_fl: førerkortene,водительские права,водійське посвідчення,driver's license,Ungdommen besto oppkjøringen og fikk et rykende ferskt førerkort.,For å leie bil må man vise fram et gyldig ___.,førerkort,Sjåføren fant fram ___ fra lommeboka under politikontrollen.,førerkortet,draft,"Norsk Ordbank (oai-nb-no-sbr-5, CC BY 4.0)"
w-116,forsinkelse,noun,m,A2,transport,ub_ent: en forsinkelse | be_ent: forsinkelsen | ub_fl: forsinkelser | be_fl: forsinkelsene,"опоздание, задержка","запізнення, затримка",delay,Signalfeil førte til en uventet forsinkelse for morgentoget.,Snøværet skapte en stor ___ for all busstrafikk i byen.,forsinkelse,Flypassasjerene krevde erstatning fordi ___ varte i fire timer.,forsinkelsen,draft,"Norsk Ordbank (oai-nb-no-sbr-5, CC BY 4.0)"
w-117,avgang,noun,m,A2,transport,ub_ent: en avgang | be_ent: avgangen | ub_fl: avganger | be_fl: avgangene,"отправление, вылет","відправлення, виліт",departure,Hurtigbåten har en tidlig avgang fra havna klokka seks.,Rutetabellen viser en ekstra ___ på søndagskvelder.,avgang,Høyttaleren over perrongen annonserte at ___ var klar.,avgangen,draft,"Norsk Ordbank (oai-nb-no-sbr-5, CC BY 4.0)"
w-118,reise,noun,f,A1,transport,ub_ent: ei reise | be_ent: reisa | ub_fl: reiser | be_fl: reisene,"путешествие, поездка","подорож, поїздка","journey, trip",Vennene la ut på ei uforglemmelig reise gjennom Vestlandet.,Familien bestilte ei felles ___ til Spania til høsten.,reise,Etter to uker på farten nådde ___ sin ende.,reisa,draft,"Norsk Ordbank (oai-nb-no-sbr-5, CC BY 4.0)"
w-119,pass,noun,n,A1,transport,ub_ent: et pass | be_ent: passet | ub_fl: pass | be_fl: passene,паспорт,паспорт,passport,Grensekontrollen krever et gyldig pass ved innreise til landet.,Politistasjonen utsteder et biometrisk ___ til norske borgere.,pass,Reisende la ___ fram for betjenten i innsjekkingen.,passet,draft,"Norsk Ordbank (oai-nb-no-sbr-5, CC BY 4.0)"
w-120,bagasje,noun,m,A1,transport,ub_ent: en bagasje | be_ent: bagasjen,багаж,багаж,"luggage, baggage",Turistene bar tung bagasje opp den bratte bakken mot hotellet.,Flyselskapet tillater en håndbagasje og en innsjekket ___.,bagasje,Passasjerene hentet ___ fra det rullende transportbåndet.,bagasjen,draft,"Norsk Ordbank (oai-nb-no-sbr-5, CC BY 4.0)"
w-121,fritid,noun,f,A1,fritid,ub_ent: ei fritid | be_ent: fritida,"досуг, свободное время","дозвілля, вільний час","free time, leisure",I helgene nyter han verdifull fritid sammen med familien.,Ungdomsklubben tilbyr aktiviteter i ei meningsfull ___.,fritid,Mange bruker ___ til turgåing og friluftsliv.,fritida,draft,"Norsk Ordbank (oai-nb-no-sbr-5, CC BY 4.0)"
w-122,tur,noun,m,A1,fritid,ub_ent: en tur | be_ent: turen | ub_fl: turer | be_fl: turene,"прогулка, поход, поездка","прогулянка, похід, поїздка","trip, walk, hike",Hver søndag går familien en oppkvikkende tur i skogen.,Vi pakket niste og termos for en lang ___ i marka.,tur,Utsikten fra toppen gjorde hele ___ vel verdt strevet.,turen,draft,"Norsk Ordbank (oai-nb-no-sbr-5, CC BY 4.0)"
w-123,skog,noun,m,A1,fritid,ub_ent: en skog | be_ent: skogen | ub_fl: skoger | be_fl: skogene,лес,ліс,"forest, woods",Bærplukkerne fant masse blåbær i en frodig skog bak hytta.,Det er beroligende å gå tur i en tett og stille ___.,skog,Fuglesangen runget vakkert mellom trærne inne i ___.,skogen,draft,"Norsk Ordbank (oai-nb-no-sbr-5, CC BY 4.0)"
w-124,fjell,noun,n,A1,fritid,ub_ent: et fjell | be_ent: fjellet | ub_fl: fjell | be_fl: fjellene,гора,гора,mountain,Turgåerne besteg et mektig fjell på over tusen meter.,Fra hytta ser vi et snøkledd ___ som bader i kveldssol.,fjell,Stien slynger seg bratt oppover mot toppen av ___.,fjellet,draft,"Norsk Ordbank (oai-nb-no-sbr-5, CC BY 4.0)"
w-125,hytte,noun,f,A1,fritid,ub_ent: ei hytte | be_ent: hytta | ub_fl: hytter | be_fl: hyttene,"дача, коттедж, домик","дача, котедж, будиночок","cabin, cottage",Mange nordmenn tilbringer påskeferien på ei hytte uten innlagt vann.,Besteforeldrene eier ei tradisjonell tømret ___ ved innsjøen.,hytte,Vi fyrte i ovnen så snart vi ankom ___ på fjellet.,hytta,draft,"Norsk Ordbank (oai-nb-no-sbr-5, CC BY 4.0)"
w-126,bok,noun,f,A1,fritid,ub_ent: ei bok | be_ent: boka | ub_fl: bøker | be_fl: bøkene,книга,книга,book,Forfatteren ga ut ei engasjerende bok om norsk historie i fjor.,Jeg lånte ei spennende ___ på biblioteket i går ettermiddag.,bok,Hun leste ut det siste kapittelet i ___ før hun sovnet.,boka,draft,"Norsk Ordbank (oai-nb-no-sbr-5, CC BY 4.0)"
w-127,bibliotek,noun,n,A1,fritid,ub_ent: et bibliotek | be_ent: biblioteket | ub_fl: bibliotek | be_fl: bibliotekene,библиотека,бібліотека,library,Byen åpnet et moderne bibliotek med mange stille studieplasser.,Studentene møtes ofte på et lyst ___ for å lese til eksamen.,bibliotek,Hun leverte de forfalte bøkene tilbake til ___ i dag.,biblioteket,draft,"Norsk Ordbank (oai-nb-no-sbr-5, CC BY 4.0)"
w-128,film,noun,m,A1,fritid,ub_ent: en film | be_ent: filmen | ub_fl: filmer | be_fl: filmene,фильм,фільм,"movie, film",Kinoen viste en prisbelønt film om livet i Arktis.,Vi koste oss med popcorn og en morsom ___ på TV.,film,Slutten på ___ overrasket samtlige i kinosalen.,filmen,draft,"Norsk Ordbank (oai-nb-no-sbr-5, CC BY 4.0)"
w-129,musikk,noun,m,A1,fritid,ub_ent: en musikk | be_ent: musikken,музыка,музика,music,Orkesteret spilte vakker musikk under sommerkonserten i parken.,Han hører ofte på beroligende ___ mens han studerer.,musikk,Naboene klaget over at ___ fra festen var for høy.,musikken,draft,"Norsk Ordbank (oai-nb-no-sbr-5, CC BY 4.0)"
w-130,trening,noun,f,A1,fritid,ub_ent: ei trening | be_ent: treninga | ub_fl: treninger | be_fl: treningene,тренировка,тренування,"training, workout",Fotballspillerne gjennomførte ei hard trening før seriekampen.,Treneren la opp til ei variert ___ med mye løping.,trening,Etter ___ tok utøverne en varm dusj i garderoben.,treninga,draft,"Norsk Ordbank (oai-nb-no-sbr-5, CC BY 4.0)"
w-131,svømming,noun,f,A2,fritid,ub_ent: ei svømming | be_ent: svømminga | ub_fl: svømminger | be_fl: svømmingene,плавание,плавання,swimming,Skolen tilbyr ukentlig svømming i oppvarmet basseng for alle elever.,Fysioterapeuten anbefalte regelmessig ___ for den vonde ryggen.,svømming,Barna gledet seg veldig til ___ på fredag formiddag.,svømminga,draft,"Norsk Ordbank (oai-nb-no-sbr-5, CC BY 4.0)"
w-132,fotball,noun,m,A1,fritid,ub_ent: en fotball | be_ent: fotballen | ub_fl: fotballer | be_fl: fotballene,"футбол, футбольный мяч","футбол, футбольний м'яч","football, soccer ball",Barna i gata sparket en hvit fotball fram og tilbake på plenen.,Bursdagsbarnet fikk en splitter ny ___ i gave fra onkelen sin.,fotball,Spissen sendte ___ rett i krysset bak målvakten.,fotballen,draft,"Norsk Ordbank (oai-nb-no-sbr-5, CC BY 4.0)"
w-133,ski,noun,f,A1,fritid,ub_ent: ei ski | be_ent: skia | ub_fl: ski | be_fl: skiene,лыжа,лижа,ski,Han brakk ei ski i et uheldig fall i alpinbakken.,Løperen smurte ei nyslipt ___ med festevoks for nysnø.,ski,Før turen opp i marka spente han ___ godt på støvlene.,skiene,draft,"Norsk Ordbank (oai-nb-no-sbr-5, CC BY 4.0)"
w-134,vær,noun,n,A1,fritid,ub_ent: et vær | be_ent: været,погода,погода,weather,Meteorologen varslet et mildt og solrikt vær for helgen.,Fjellvandrerne håpet på et stabilt og tørt ___ under ekspedisjonen.,vær,I kveld sjekket vi ___ på Yr før morgendagens telttur.,været,draft,"Norsk Ordbank (oai-nb-no-sbr-5, CC BY 4.0)"
w-135,regn,noun,n,A1,fritid,ub_ent: et regn | be_ent: regnet,дождь,дощ,rain,Et kraftig regn trommet mot takvinduet gjennom hele natta.,Bøndene på Østlandet trengte et sårt tiltrengt ___ til åkrene.,regn,Barna tok på seg gummistøvler og hoppet ut i ___.,regnet,draft,"Norsk Ordbank (oai-nb-no-sbr-5, CC BY 4.0)"
w-136,snø,noun,m,A1,fritid,ub_ent: en snø | be_ent: snøen,снег,сніг,snow,Hvit og glitrende snø dekket granene i skogen som et teppe.,Skiløperne jublet da det la seg en dyp ___ i løypene.,snø,Barna brukte spader og måkte ___ vekk fra innkjørselen.,snøen,draft,"Norsk Ordbank (oai-nb-no-sbr-5, CC BY 4.0)"
w-137,sol,noun,f,A1,fritid,ub_ent: ei sol | be_ent: sola | ub_fl: soler | be_fl: solene,солнце,сонце,sun,Etter en uke med gråvær skinte ei varmende sol over byen.,Turistene lengtet etter ei skinnende ___ på sørlandskysten.,sol,Katten la seg godt til rette i ___ på stuegulvet.,sola,draft,"Norsk Ordbank (oai-nb-no-sbr-5, CC BY 4.0)"
w-138,kafé,noun,m,A1,fritid,ub_ent: en kafé | be_ent: kafeen | ub_fl: kafeer | be_fl: kafeene,кафе,"кав'ярня, кафе",café,Venninnene slo seg ned på en koselig kafé for å spise lunsj.,I gågata åpnet det nylig en italiensk ___ med fersk espresso.,kafé,Vi drakk varm kakao inne på ___ mens regnet øste ned.,kafeen,draft,"Norsk Ordbank (oai-nb-no-sbr-5, CC BY 4.0)"
w-139,avis,noun,f,A1,fritid,ub_ent: ei avis | be_ent: avisa | ub_fl: aviser | be_fl: avisene,газета,газета,newspaper,Han blar gjerne i ei fersk avis mens han drikker morgenkaffen.,Journalisten skrev en god kronikk for ei riksdekkende ___.,avis,Postbudet la ___ pent ned i postkassa tidlig på morgenen.,avisa,draft,"Norsk Ordbank (oai-nb-no-sbr-5, CC BY 4.0)"
w-140,nyhet,noun,m,A2,fritid,ub_ent: en nyhet | be_ent: nyheten | ub_fl: nyheter | be_fl: nyhetene,новость,новина,"news, piece of news",Redaktøren delte en gledelig nyhet med hele redaksjonen.,Statsministeren kom med en overraskende ___ på pressekonferansen.,nyhet,Folk i byen diskuterte ivrig den store ___ utover kvelden.,nyheten,draft,"Norsk Ordbank (oai-nb-no-sbr-5, CC BY 4.0)"
w-141,jobbe,verb,,A1,arbeid,infinitiv: å jobbe | presens: jobber | preteritum: jobbet | perfektum_partisipp: har jobbet,работать,працювати,to work,Til vanlig jobber hun som regnskapsfører i et privat selskap.,I fjor ___ jeg deltid på et lokalt sykehjem.,jobbet,I morgen må alle ansatte ___ overtid for å fullføre leveransen.,jobbe,draft,"Norsk Ordbank (oai-nb-no-sbr-5, CC BY 4.0)"
w-142,arbeide,verb,,A1,arbeid,infinitiv: å arbeide | presens: arbeider | preteritum: arbeidet | perfektum_partisipp: har arbeidet,"трудиться, работать","працювати, трудитися","to work, labor",Forskerne arbeider målrettet med å utvikle nye medisiner.,Elektrikeren ___ hele formiddagen for å koble opp strømmen.,arbeidet,Han liker å ___ utendørs i frisk luft uansett vær.,arbeide,draft,"Norsk Ordbank (oai-nb-no-sbr-5, CC BY 4.0)"
w-143,tjene,verb,,A2,arbeid,infinitiv: å tjene | presens: tjener | preteritum: tjente | perfektum_partisipp: har tjent,зарабатывать,заробляти,to earn,Lærlingen tjener nok penger til å betale husleia selv.,I sommerferien ___ studenten gode penger på et fiskeoppdrett.,tjente,Målet hennes er å ___ nok til å kjøpe en egen leilighet.,tjene,draft,"Norsk Ordbank (oai-nb-no-sbr-5, CC BY 4.0)"
w-144,søke,verb,,A2,arbeid,infinitiv: å søke | presens: søker | preteritum: søkte | perfektum_partisipp: har søkt,"подавать заявление, искать","подавати заяву, шукати","to apply, search",Nyutdannede sykepleiere søker aktivt på ledige faste stillinger.,Han ___ på tre ulike jobber i forrige uke.,søkte,Husk å ___ om barnehageplass før fristen går ut.,søke,draft,"Norsk Ordbank (oai-nb-no-sbr-5, CC BY 4.0)"
w-145,starte,verb,,A1,arbeid,infinitiv: å starte | presens: starter | preteritum: startet | perfektum_partisipp: har startet,"начинать, стартовать","починати, стартувати","to start, begin",Arbeidsdagen starter presis klokka åtte på verkstedet.,Den nye avdelingen ___ opp driften tidlig i mai.,startet,Vi må ___ ryddingen før gjestene ringer på døra.,starte,draft,"Norsk Ordbank (oai-nb-no-sbr-5, CC BY 4.0)"
w-146,slutte,verb,,A1,arbeid,infinitiv: å slutte | presens: slutter | preteritum: sluttet | perfektum_partisipp: har sluttet,"заканчивать, прекращать","закінчувати, припиняти","to end, quit, stop",Skiftarbeiderne slutter på jobb klokka seksten hver ettermiddag.,Han ___ i sin gamle stilling da han fikk tilbud om ny jobb.,sluttet,Møtet skal etter planen ___ klokka femten.,slutte,draft,"Norsk Ordbank (oai-nb-no-sbr-5, CC BY 4.0)"
w-147,hjelpe,verb,,A1,arbeid,infinitiv: å hjelpe | presens: hjelper | preteritum: hjalp | perfektum_partisipp: har hjulpet,помогать,допомагати,to help,Gode kolleger hjelper alltid hverandre med tunge løft.,Sjefen ___ meg med å fylle ut de kompliserte skattepapirene.,hjalp,Kan du være så snill å ___ meg med denne oppgaven?,hjelpe,draft,"Norsk Ordbank (oai-nb-no-sbr-5, CC BY 4.0)"
w-148,samarbeide,verb,,A2,arbeid,infinitiv: å samarbeide | presens: samarbeider | preteritum: samarbeidet | perfektum_partisipp: har samarbeidet,"сотрудничать, работать сообща",співпрацювати,"to cooperate, collaborate",De to avdelingene samarbeider tett om den nye kampanjen.,Kommunelegene ___ godt gjennom hele beredskapsperioden.,samarbeidet,Det er nødvendig å ___ for å oppnå gode felles resultater.,samarbeide,draft,"Norsk Ordbank (oai-nb-no-sbr-5, CC BY 4.0)"
w-149,lede,verb,,A2,arbeid,infinitiv: å lede | presens: leder | preteritum: ledet | perfektum_partisipp: har ledet,"руководить, вести","керувати, очолювати","to lead, manage",Den erfarne direktøren leder bedriften med trygg hånd.,Prosjektlederen ___ mandagsmøtet på en strukturert måte.,ledet,Hun fikk i oppgave å ___ den nye arbeidsgruppen.,lede,draft,"Norsk Ordbank (oai-nb-no-sbr-5, CC BY 4.0)"
w-150,møte,verb,,A1,arbeid,infinitiv: å møte | presens: møter | preteritum: møtte | perfektum_partisipp: har møtt,"встречать, знакомиться","зустрічати, знайомитися",to meet,Resepsjonisten møter alle gjester med et vennlig smil.,Direktøren ___ den nye kunden på flyplassen i morges.,møtte,Vi har avtalt å ___ opp utenfor kinoen klokka sju.,møte,draft,"Norsk Ordbank (oai-nb-no-sbr-5, CC BY 4.0)"
w-151,lese,verb,,A1,arbeid,infinitiv: å lese | presens: leser | preteritum: leste | perfektum_partisipp: har lest,читать,читати,to read,Sekretæren leser nøye gjennom rapporten før møtet starter.,I går kveld ___ han tre kapitler i læreboka.,leste,Det er sunt for barn å ___ bøker hver dag.,lese,draft,"Norsk Ordbank (oai-nb-no-sbr-5, CC BY 4.0)"
w-152,snakke,verb,,A1,arbeid,infinitiv: å snakke | presens: snakker | preteritum: snakket | perfektum_partisipp: har snakket,"говорить, разговаривать","говорити, розмовляти","to speak, talk",Deltakerne på kurset snakker bare norsk i pausene.,Læreren ___ rolig og tydelig til hele forsamlingen.,snakket,Kan vi sette oss ned og ___ sammen etter lunsj?,snakke,draft,"Norsk Ordbank (oai-nb-no-sbr-5, CC BY 4.0)"
w-153,spørre,verb,,A1,arbeid,infinitiv: å spørre | presens: spør | preteritum: spurte | perfektum_partisipp: har spurt,спрашивать,запитувати,to ask,Eleven rekker opp hånda og spør læreren om hjelp.,Journalisten ___ ordføreren om de nye budsjettkuttene.,spurte,Du må ikke nøle med å ___ hvis noe er uklart.,spørre,draft,"Norsk Ordbank (oai-nb-no-sbr-5, CC BY 4.0)"
w-154,forstå,verb,,A1,arbeid,infinitiv: å forstå | presens: forstår | preteritum: forstod | perfektum_partisipp: har forstått,понимать,розуміти,to understand,Hun forstår nesten alt som blir sagt på møtene nå.,Kandidaten ___ instruksjonen med en gang og løste testen.,forstod,Det tar tid å ___ alle de lokale dialektene i Norge.,forstå,draft,"Norsk Ordbank (oai-nb-no-sbr-5, CC BY 4.0)"
w-155,forklare,verb,,A2,arbeid,infinitiv: å forklare | presens: forklarer | preteritum: forklarte | perfektum_partisipp: har forklart,объяснять,пояснювати,to explain,Instruktøren forklarer sikkerhetsrutinene på fabrikken grundig.,Sjefen ___ hvorfor prosjektet ble utsatt til neste måned.,forklarte,Kan du ___ meg hvordan dette dataprogrammet virker?,forklare,draft,"Norsk Ordbank (oai-nb-no-sbr-5, CC BY 4.0)"
w-156,begynne,verb,,A1,arbeid,infinitiv: å begynne | presens: begynner | preteritum: begynte | perfektum_partisipp: har begynt,"начинать, начинаться","починати, починатися","to begin, start",Arbeidsdagen begynner presis klokka åtte for alle mekanikerne.,Kurset i norsk grammatikk ___ forrige mandag.,begynte,Når skal dere ___ på det nye renoveringsprosjektet?,begynne,draft,"Norsk Ordbank (oai-nb-no-sbr-5, CC BY 4.0)"
w-157,slutte,verb,,A1,arbeid,infinitiv: å slutte | presens: slutter | preteritum: sluttet | perfektum_partisipp: har sluttet,"заканчивать, прекращать","закінчувати, припиняти","to finish, quit",Møtet slutter vanligvis før klokka tolv på fredager.,Lærlingen ___ på byggeplassen da kontrakten løp ut.,sluttet,Han bestemte seg for å ___ å røyke for helsas skyld.,slutte,draft,"Norsk Ordbank (oai-nb-no-sbr-5, CC BY 4.0)"
w-158,hjelpe,verb,,A1,arbeid,infinitiv: å hjelpe | presens: hjelper | preteritum: hjalp | perfektum_partisipp: har hjulpet,помогать,допомагати,to help,Rådgiveren hjelper studentene med å finne riktig utdanning.,Naboen ___ meg med å bære opp det tunge kjøleskapet.,hjalp,Vi må samarbeide for å ___ de nyankomne flyktningene.,hjelpe,draft,"Norsk Ordbank (oai-nb-no-sbr-5, CC BY 4.0)"
w-159,bruke,verb,,A1,arbeid,infinitiv: å bruke | presens: bruker | preteritum: brukte | perfektum_partisipp: har brukt,"использовать, тратить","використовувати, витрачати","to use, spend",Snekkeren bruker spesialverktøy for å sage nøyaktige vinkler.,Mekanikeren ___ to timer på å fikse bremsene på bilen.,brukte,Det er lurt å ___ hjelm når man sykler i trafikken.,bruke,draft,"Norsk Ordbank (oai-nb-no-sbr-5, CC BY 4.0)"
w-160,velge,verb,,A2,arbeid,infinitiv: å velge | presens: velger | preteritum: valgte | perfektum_partisipp: har valgt,выбирать,"вибирати, обирати","to choose, select",Kunden velger økologiske grønnsaker når han handler mat.,Styret ___ en ny leder på årsmøtet forrige torsdag.,valgte,Det er vanskelig å ___ mellom de to jobbtilbudene.,velge,draft,"Norsk Ordbank (oai-nb-no-sbr-5, CC BY 4.0)"
w-161,bo,verb,,A1,bolig,infinitiv: å bo | presens: bor | preteritum: bodde | perfektum_partisipp: har bodd,"жить, проживать","жити, мешкати","to live, dwell",De bor i en lys og moderne leilighet i utkanten av byen.,Familien ___ i Bergen i fem år før de flyttet til Oslo.,bodde,Studentene ønsker å ___ i nærheten av universitetet.,bo,draft,"Norsk Ordbank (oai-nb-no-sbr-5, CC BY 4.0)"
w-162,leie,verb,,A1,bolig,infinitiv: å leie | presens: leier | preteritum: leide | perfektum_partisipp: har leid,"снимать, арендовать","орендувати, винаймати",to rent,Paret leier en toroms leilighet med fast kontrakt.,I fjor sommer ___ vi en hytte ved sjøen i tre uker.,leide,Mange unge velger å ___ bolig før de har råd til å kjøpe.,leie,draft,"Norsk Ordbank (oai-nb-no-sbr-5, CC BY 4.0)"
w-163,flytte,verb,,A1,bolig,infinitiv: å flytte | presens: flytter | preteritum: flyttet | perfektum_partisipp: har flyttet,переезжать,переїжджати,to move (residence),Naboene flytter inn i et nytt rekkehus i neste måned.,Familien ___ fra Tromsø til Stavanger i forrige uke.,flyttet,Det er mye arbeid å pakke ned alt når man skal ___.,flytte,draft,"Norsk Ordbank (oai-nb-no-sbr-5, CC BY 4.0)"
w-164,vaske,verb,,A1,bolig,infinitiv: å vaske | presens: vasker | preteritum: vasket | perfektum_partisipp: har vasket,"мыть, стирать","мити, прати","to wash, clean",Han vasker kjøkkengulvet med såpe og varmt vann hver fredag.,I morges ___ hun alle vinduene i stua rene.,vasket,Husk å ___ hendene grundig før du spiser mat.,vaske,draft,"Norsk Ordbank (oai-nb-no-sbr-5, CC BY 4.0)"
w-165,rydde,verb,,A1,bolig,infinitiv: å rydde | presens: rydder | preteritum: ryddet | perfektum_partisipp: har ryddet,"убирать, наводить порядок","прибирати, наводити лад","to tidy, clean up",Barna rydder lekene sine på plass i lekekassene før middag.,Far og mor ___ hele kjellerboden i løpet av helgen.,ryddet,Alle må hjelpe til med å ___ av bordet etter festen.,rydde,draft,"Norsk Ordbank (oai-nb-no-sbr-5, CC BY 4.0)"
w-166,låse,verb,,A1,bolig,infinitiv: å låse | presens: låser | preteritum: låste | perfektum_partisipp: har låst,запирать на ключ,замикати на ключ,to lock,Han låser alltid inngangsdøra før han legger seg om kvelden.,Vaktmesteren ___ sykkelboden da mørket falt på.,låste,Ikke glem å ___ bilen når du parkerer i sentrum.,låse,draft,"Norsk Ordbank (oai-nb-no-sbr-5, CC BY 4.0)"
w-167,åpne,verb,,A1,bolig,infinitiv: å åpne | presens: åpner | preteritum: åpnet | perfektum_partisipp: har åpnet,открывать,"відкривати, відчиняти",to open,Kjøpmannen åpner butikken presis klokka sju hver morgen.,Eleven ___ vinduet for å slippe inn litt frisk luft.,åpnet,Kan du være så snill å ___ døra for gjestene?,åpne,draft,"Norsk Ordbank (oai-nb-no-sbr-5, CC BY 4.0)"
w-168,lukke,verb,,A1,bolig,infinitiv: å lukke | presens: lukker | preteritum: lukket | perfektum_partisipp: har lukket,закрывать,"закривати, зачиняти","to close, shut",Han lukker verandadøra når det begynner å blåse kaldt ute.,Sykepleieren ___ døra stille bak seg da pasienten sovnet.,lukket,Husk å ___ alle vinduer før dere reiser bort.,lukke,draft,"Norsk Ordbank (oai-nb-no-sbr-5, CC BY 4.0)"
w-169,reparere,verb,,A2,bolig,infinitiv: å reparere | presens: reparerer | preteritum: reparerte | perfektum_partisipp: har reparert,"чинить, ремонтировать","лагодити, ремонтувати","to repair, fix",Rørleggeren reparerer den lekkende kranen på badet.,Sykkelmekanikeren ___ det punkterte bakhjulet på ti minutter.,reparerte,Det er billigere å ___ vaskemaskinen enn å kjøpe en ny.,reparere,draft,"Norsk Ordbank (oai-nb-no-sbr-5, CC BY 4.0)"
w-170,male,verb,,A2,bolig,infinitiv: å male | presens: maler | preteritum: malte | perfektum_partisipp: har malt,красить,фарбувати,to paint,Malerne maler husveggene med slitesterk hvit utendørsmaling.,I sommerferien ___ vi hele gjerdet rundt hagen.,malte,De planlegger å ___ soverommet i en beroligende grønnfarge.,male,draft,"Norsk Ordbank (oai-nb-no-sbr-5, CC BY 4.0)"
w-171,sove,verb,,A1,helse,infinitiv: å sove | presens: sover | preteritum: sov | perfektum_partisipp: har sovet,спать,спати,to sleep,Babyen sover fredelig i senga si etter kveldsmaten.,Pasienten ___ uavbrutt i ti timer etter operasjonen.,sov,"Kroppen trenger hvile, så det er viktig å ___ nok.",sove,draft,"Norsk Ordbank (oai-nb-no-sbr-5, CC BY 4.0)"
w-172,hvile,verb,,A1,helse,infinitiv: å hvile | presens: hviler | preteritum: hvilte | perfektum_partisipp: har hvilt,отдыхать,відпочивати,to rest,Turgåeren hviler på en benk i parken etter den lange spaserturen.,Skiløperen ___ i tjue minutter før neste etappe.,hvilte,Legen ba pasienten om å legge seg ned og ___.,hvile,draft,"Norsk Ordbank (oai-nb-no-sbr-5, CC BY 4.0)"
w-173,føle,verb,,A1,helse,infinitiv: å føle | presens: føler | preteritum: følte | perfektum_partisipp: har følt,чувствовать,відчувати,to feel,Hun føler seg mye mer opplagt etter en sunn frokost.,Han ___ seg svimmel da han reiste seg brått opp fra stolen.,følte,Det er helt normalt å ___ seg litt nervøs før en muntlig prøve.,føle,draft,"Norsk Ordbank (oai-nb-no-sbr-5, CC BY 4.0)"
w-174,hoste,verb,,A1,helse,infinitiv: å hoste | presens: hoster | preteritum: hostet | perfektum_partisipp: har hostet,кашлять,кашляти,to cough,Pasienten hoster tørt på grunn av den kalde vinterlufta.,Barnet ___ mye gjennom natta og trengte hostedempende saft.,hostet,Husk å holde deg for munnen hvis du må ___.,hoste,draft,"Norsk Ordbank (oai-nb-no-sbr-5, CC BY 4.0)"
w-175,trene,verb,,A1,helse,infinitiv: å trene | presens: trener | preteritum: trente | perfektum_partisipp: har trent,тренироваться,тренуватися,"to train, exercise",Mange mosjonister trener styrke og kondisjon tre ganger i uka.,Ungdomslaget ___ i idrettshallen i to timer i går.,trente,Legen oppfordrer eldre til å ___ balanse regelmessig.,trene,draft,"Norsk Ordbank (oai-nb-no-sbr-5, CC BY 4.0)"
w-176,spise,verb,,A1,helse,infinitiv: å spise | presens: spiser | preteritum: spiste | perfektum_partisipp: har spist,"есть, кушать",їсти,to eat,Familien spiser en næringsrik middag sammen klokka fem.,Gjestene ___ fersk laks og grønnsaker i bryllupet.,spiste,Ernæringsfysiologen råder oss til å ___ mer fiber og bær.,spise,draft,"Norsk Ordbank (oai-nb-no-sbr-5, CC BY 4.0)"
w-177,drikke,verb,,A1,helse,infinitiv: å drikke | presens: drikker | preteritum: drakk | perfektum_partisipp: har drukket,пить,пити,to drink,Idrettsutøverne drikker rikelig med vann under den varme sommertreningen.,Vennene ___ varm te foran peisen etter skituren.,drakk,"Når man har feber, er det lurt å ___ mye væske.",drikke,draft,"Norsk Ordbank (oai-nb-no-sbr-5, CC BY 4.0)"
w-178,vokse,verb,,A2,helse,infinitiv: å vokse | presens: vokser | preteritum: vokste | perfektum_partisipp: har vokst,расти,рости,to grow,Barna vokser overraskende fort i skolealderen.,Tomatplantene i drivhuset ___ kraftig i solskinnet.,vokste,Trærne langs elvekanten fortsetter å ___ i mange år.,vokse,draft,"Norsk Ordbank (oai-nb-no-sbr-5, CC BY 4.0)"
w-179,besøke,verb,,A1,familie,infinitiv: å besøke | presens: besøker | preteritum: besøkte | perfektum_partisipp: har besøkt,"навещать, посещать","відвідувати, навідувати",to visit,Barnebarna besøker besteforeldrene på gården hver sommer.,I helgen ___ vi venner som bor i Trondheim.,besøkte,Turistene planlegger å ___ det kjente museet på Bygdøy.,besøke,draft,"Norsk Ordbank (oai-nb-no-sbr-5, CC BY 4.0)"
w-180,feire,verb,,A1,familie,infinitiv: å feire | presens: feirer | preteritum: feiret | perfektum_partisipp: har feiret,праздновать,святкувати,to celebrate,Hele storfamilien feirer syttende mai med barnetog og is.,Vennene ___ femtiårsdagen til faren på en koselig restaurant.,feiret,"Når eksamen er bestått, skal vi ___ skikkelig.",feire,draft,"Norsk Ordbank (oai-nb-no-sbr-5, CC BY 4.0)"
w-181,invitere,verb,,A1,familie,infinitiv: å invitere | presens: inviterer | preteritum: inviterte | perfektum_partisipp: har invitert,приглашать,запрошувати,to invite,Vertskapet inviterer nye naboer på kaffe og vafler i hagen.,Bursdagsbarnet ___ alle klassekameratene i selskapet sitt.,inviterte,Det er god folkeskikk å ___ alle i gruppa.,invitere,draft,"Norsk Ordbank (oai-nb-no-sbr-5, CC BY 4.0)"
w-182,lære,verb,,A1,familie,infinitiv: å lære | presens: lærer | preteritum: lærte | perfektum_partisipp: har lært,"учить, изучать","вчити, вивчати","to learn, teach",Innvandrerne lærer norsk uttale gjennom daglige samtaler.,I fjor ___ hun seg å svømme crawl på svømmekurset.,lærte,Det er aldri for sent å ___ et nytt fremmedspråk.,lære,draft,"Norsk Ordbank (oai-nb-no-sbr-5, CC BY 4.0)"
w-183,øve,verb,,A1,familie,infinitiv: å øve | presens: øver | preteritum: øvde | perfektum_partisipp: har øvd,"практиковаться, тренироваться","практикуватися, тренуватися","to practice, rehearse",Musikeren øver på gitaren i to timer hver ettermiddag.,Koret ___ på de nye sangene før helgens konsert.,øvde,Du må ___ jevnlig for å bestå den muntlige prøven.,øve,draft,"Norsk Ordbank (oai-nb-no-sbr-5, CC BY 4.0)"
w-184,huske,verb,,A1,familie,infinitiv: å huske | presens: husker | preteritum: husket | perfektum_partisipp: har husket,"помнить, вспоминать","пам'ятати, згадувати",to remember,Bestemor husker mange morsomme historier fra sin barndom.,Mannen ___ plutselig hvor han hadde lagt bilnøklene.,husket,Prøv å ___ å låse inngangsdøra når du går hjemmefra.,huske,draft,"Norsk Ordbank (oai-nb-no-sbr-5, CC BY 4.0)"
w-185,glemme,verb,,A1,familie,infinitiv: å glemme | presens: glemmer | preteritum: glemte | perfektum_partisipp: har glemt,забывать,забувати,to forget,Den stressede faren glemmer ofte handlelisten på kjøkkenbordet.,Han ___ paraplyen på bussen da han gikk av i morges.,glemte,Pass på å ikke ___ å skrive under på søknaden.,glemme,draft,"Norsk Ordbank (oai-nb-no-sbr-5, CC BY 4.0)"
w-186,fortelle,verb,,A1,familie,infinitiv: å fortelle | presens: forteller | preteritum: fortalte | perfektum_partisipp: har fortalt,рассказывать,розповідати,"to tell, narrate",Faren forteller et spennende eventyr for barna ved sengetid.,Bestefar ___ livaktig om livet på havet i gamle dager.,fortalte,Kan du ___ meg hva som skjedde på møtet i går?,fortelle,draft,"Norsk Ordbank (oai-nb-no-sbr-5, CC BY 4.0)"
w-187,passe,verb,,A1,familie,infinitiv: å passe | presens: passer | preteritum: passet | perfektum_partisipp: har passet,"присматривать, подходить","доглядати, личити, підходити","to look after, fit, suit",Besteforeldrene passer gjerne de to små barna på lørdag.,Naboen ___ katten vår mens vi var på utenlandsferie.,passet,Det er viktig å ___ godt på verdisakene sine i folkemengder.,passe,draft,"Norsk Ordbank (oai-nb-no-sbr-5, CC BY 4.0)"
w-188,handle,verb,,A1,handel,infinitiv: å handle | presens: handler | preteritum: handlet | perfektum_partisipp: har handlet,"покупать продукты, делать покупки","купувати продукти, робити покупки","to shop, buy groceries",Mange barnefamilier handler matvarer for hele uka på lørdager.,Studenten ___ grønnsaker og brød på tilbud i går kveld.,handlet,I kveld skal vi dra til kjøpesenteret for å ___ gaver.,handle,draft,"Norsk Ordbank (oai-nb-no-sbr-5, CC BY 4.0)"
w-189,kjøpe,verb,,A1,handel,infinitiv: å kjøpe | presens: kjøper | preteritum: kjøpte | perfektum_partisipp: har kjøpt,покупать,купувати,"to buy, purchase",Kunden kjøper en varm ullgenser til den kalde vinteren.,Paret ___ en ny sofa til stua i forrige uke.,kjøpte,Hun planlegger å ___ seg en brukt elsykkel til våren.,kjøpe,draft,"Norsk Ordbank (oai-nb-no-sbr-5, CC BY 4.0)"
w-190,betale,verb,,A1,handel,infinitiv: å betale | presens: betaler | preteritum: betalte | perfektum_partisipp: har betalt,"платить, оплачивать","платити, оплачувати",to pay,Kunden betaler raskt og greit med mobiltelefonen i kassa.,Gjesten ___ hele hotellregningen med kredittkort.,betalte,Husk å ___ husleia innen den første hver måned.,betale,draft,"Norsk Ordbank (oai-nb-no-sbr-5, CC BY 4.0)"
w-191,koste,verb,,A1,handel,infinitiv: å koste | presens: koster | preteritum: kostet | perfektum_partisipp: har kostet,стоить,коштувати,to cost,Et ferskt brød koster rundt førti kroner i dagligvarebutikken.,Vinterjakken ___ mye mer enn det studenten hadde råd til.,kostet,Hvor mye skal billetten ___ hvis jeg kjøper den på forhånd?,koste,draft,"Norsk Ordbank (oai-nb-no-sbr-5, CC BY 4.0)"
w-192,spare,verb,,A2,handel,infinitiv: å spare | presens: sparer | preteritum: sparte | perfektum_partisipp: har spart,"экономить, копить","економити, заощаджувати",to save (money/resources),Lærlingen sparer et fast beløp på en høyrentekonto hver måned.,Paret ___ i tre år for å få nok egenkapital til boligkjøp.,sparte,Det lønner seg å ___ på strømmen om vinteren.,spare,draft,"Norsk Ordbank (oai-nb-no-sbr-5, CC BY 4.0)"
w-193,bytte,verb,,A2,handel,infinitiv: å bytte | presens: bytter | preteritum: byttet | perfektum_partisipp: har byttet,"менять, обменивать","змінювати, обмінювати","to change, exchange",Kunden bytter genseren til en mindre størrelse ved serviceskranken.,Sjåføren ___ til piggfrie vinterdekk før frosten kom.,byttet,Har du kvitteringen slik at vi kan ___ buksa?,bytte,draft,"Norsk Ordbank (oai-nb-no-sbr-5, CC BY 4.0)"
w-194,bestille,verb,,A1,handel,infinitiv: å bestille | presens: bestiller | preteritum: bestilte | perfektum_partisipp: har bestilt,заказывать,замовляти,"to order, book",Gjesten bestiller en varm kaffe og en nystekt vaffel.,Familien ___ togbilletter til Trondheim i god tid.,bestilte,Det er lurt å ___ bord på restauranten før fredagskvelden.,bestille,draft,"Norsk Ordbank (oai-nb-no-sbr-5, CC BY 4.0)"
w-195,lage,verb,,A1,handel,infinitiv: å lage | presens: lager | preteritum: lagde | perfektum_partisipp: har lagd,"готовить, делать","готувати, робити","to make, prepare",Kokken lager velsmakende grønnsakssuppe fra ferske råvarer.,Mora ___ en nydelig eplekake til søndagskaffen.,lagde,Barna liker å hjelpe til med å ___ middag på kjøkkenet.,lage,draft,"Norsk Ordbank (oai-nb-no-sbr-5, CC BY 4.0)"
w-196,reise,verb,,A1,transport,infinitiv: å reise | presens: reiser | preteritum: reiste | perfektum_partisipp: har reist,"путешествовать, ехать","подорожувати, їхати","to travel, journey",Pendlere reiser med tog inn til hovedstaden hver ukedag.,Turistene ___ rundt på Vestlandet i to uker i fjor.,reiste,Vi gleder oss til å ___ på ferie til Syden i sommer.,reise,draft,"Norsk Ordbank (oai-nb-no-sbr-5, CC BY 4.0)"
w-197,kjøre,verb,,A1,transport,infinitiv: å kjøre | presens: kjører | preteritum: kjørte | perfektum_partisipp: har kjørt,"водить машину, ехать за рулём","керувати машиною, їхати",to drive,Sjåføren kjører forsiktig på glatte vinterveier over fjellet.,Drosjesjåføren ___ passasjerene trygt fram til sykehuset.,kjørte,Det er forbudt å ___ for fort i boligstrøk.,kjøre,draft,"Norsk Ordbank (oai-nb-no-sbr-5, CC BY 4.0)"
w-198,sykle,verb,,A1,transport,infinitiv: å sykle | presens: sykler | preteritum: syklet | perfektum_partisipp: har syklet,ездить на велосипеде,їхати велосипедом,"to cycle, bike",Mange skoleelever sykler langs trygge sykkelstier om våren.,Miljøentusiasten ___ til jobben i all slags vær i fjor.,syklet,Det er god trim for kroppen å ___ til skolen hver dag.,sykle,draft,"Norsk Ordbank (oai-nb-no-sbr-5, CC BY 4.0)"
w-199,gå,verb,,A1,transport,infinitiv: å gå | presens: går | preteritum: gikk | perfektum_partisipp: har gått,"идти пешком, ходить","йти пішки, ходити","to walk, go",Turgåerne går rolig langs kyststien mens bølgene slår inn.,Studenten ___ til fots hjem fra biblioteket i går ettermiddag.,gikk,Legen anbefaler alle å ___ minst tretti minutter daglig.,gå,draft,"Norsk Ordbank (oai-nb-no-sbr-5, CC BY 4.0)"
w-200,komme,verb,,A1,transport,infinitiv: å komme | presens: kommer | preteritum: kom | perfektum_partisipp: har kommet,"приходить, приезжать","приходити, приїжджати","to come, arrive",Toget kommer presis inn på spor to i ettermiddag.,Gjestene ___ tidsnok fram til middagsselskapet i går.,kom,Det er hyggelig når venner velger å ___ på uventet besøk.,komme,draft,"Norsk Ordbank (oai-nb-no-sbr-5, CC BY 4.0)"
w-201,vente,verb,,A1,transport,infinitiv: å vente | presens: venter | preteritum: ventet | perfektum_partisipp: har ventet,ждать,чекати,to wait,Passasjerene venter tålmodig på bussen under leskuret i regnværet.,I morges ___ vi i tjue minutter på et forsinket tog.,ventet,Det er kjedelig å måtte ___ lenge i kø på apoteket.,vente,draft,"Norsk Ordbank (oai-nb-no-sbr-5, CC BY 4.0)"
w-202,stoppe,verb,,A1,transport,infinitiv: å stoppe | presens: stopper | preteritum: stoppet | perfektum_partisipp: har stoppet,"останавливаться, останавливать","зупинятися, зупиняти",to stop,Bussen stopper presis ved rådhuset for å slippe av passasjerer.,Sjåføren ___ brått foran fotgjengerfeltet da lyset ble gult.,stoppet,Husk å trykke på knappen hvis du vil at trikken skal ___.,stoppe,draft,"Norsk Ordbank (oai-nb-no-sbr-5, CC BY 4.0)"
w-203,finne,verb,,A1,transport,infinitiv: å finne | presens: finner | preteritum: fant | perfektum_partisipp: har funnet,находить,знаходити,to find,Turisten finner enkelt veien til museet ved hjelp av kartet.,Han lette overalt og ___ til slutt de tapte husnøklene i lomma.,fant,Det kan være vanskelig å ___ en ledig parkeringsplass i sentrum.,finne,draft,"Norsk Ordbank (oai-nb-no-sbr-5, CC BY 4.0)"
w-204,ta,verb,,A1,transport,infinitiv: å ta | presens: tar | preteritum: tok | perfektum_partisipp: har tatt,"брать, садиться (на транспорт)","брати, сідати (на транспорт)",to take,Pendlere tar hurtigtoget for å slippe kø på motorveien.,I morges ___ studenten en drosje for å rekke eksamen.,tok,Vi pleier alltid å ___ med oss niste på fjellturen.,ta,draft,"Norsk Ordbank (oai-nb-no-sbr-5, CC BY 4.0)"
w-205,like,verb,,A1,fritid,infinitiv: å like | presens: liker | preteritum: likte | perfektum_partisipp: har likt,"нравиться, любить","подобатися, любити",to like,Barna liker å gå på skøyter på den frosne innsjøen om vinteren.,Som barn ___ han aldri smaken av kokte grønnsaker.,likte,Mange nordmenn ser ut til å ___ friluftsliv og båtturer.,like,draft,"Norsk Ordbank (oai-nb-no-sbr-5, CC BY 4.0)"
w-206,trives,verb,,A2,fritid,infinitiv: å trives | presens: trives | preteritum: trivdes | perfektum_partisipp: har trivdes,"чувствовать себя хорошо, обжиться","почуватися добре, прижитися","to thrive, enjoy oneself",Den nye eleven trives utmerket sammen med sine klassekamerater.,Familien ___ veldig godt i det rolige nabolaget i fjor.,trivdes,Et godt arbeidsmiljø er viktig for å ___ på jobben.,trives,draft,"Norsk Ordbank (oai-nb-no-sbr-5, CC BY 4.0)"
w-207,se,verb,,A1,fritid,infinitiv: å se | presens: ser | preteritum: så | perfektum_partisipp: har sett,"смотреть, видеть","дивитися, бачити","to see, look, watch",Fra stuevinduet ser beboerne den vakre solnedgangen over åsene.,I går kveld ___ familien en spennende dokumentarfilm på NRK.,så,Det er fantastisk å ___ hvordan naturen våkner til liv om våren.,se,draft,"Norsk Ordbank (oai-nb-no-sbr-5, CC BY 4.0)"
w-208,høre,verb,,A1,fritid,infinitiv: å høre | presens: hører | preteritum: hørte | perfektum_partisipp: har hørt,"слушать, слышать","слухати, чути","to hear, listen",Ungdommen hører på musikk med hodetelefoner på rommet sitt.,Turgåerne ___ en ugle tute i skumringen i går kveld.,hørte,Kan du snakke litt høyere slik at alle kan ___ deg?,høre,draft,"Norsk Ordbank (oai-nb-no-sbr-5, CC BY 4.0)"
w-209,spille,verb,,A1,fritid,infinitiv: å spille | presens: spiller | preteritum: spilte | perfektum_partisipp: har spilt,играть (на инструменте / в игру),грати,to play (game/instrument),Gitaristen spiller en melankolsk melodi for publikum i salen.,Guttene ___ fotball på gressbanen til det ble mørkt.,spilte,Om kvelden liker vennegjengen å ___ brettspill sammen.,spille,draft,"Norsk Ordbank (oai-nb-no-sbr-5, CC BY 4.0)"
w-210,svømme,verb,,A1,fritid,infinitiv: å svømme | presens: svømmer | preteritum: svømte | perfektum_partisipp: har svømt,плавать,плавати,to swim,Mosjonisten svømmer tusen meter i svømmehallen hver onsdag.,Barna ___ i det varme fjordvannet hele ettermiddagen.,svømte,Alle førsteklassinger i Norge må lære å ___.,svømme,draft,"Norsk Ordbank (oai-nb-no-sbr-5, CC BY 4.0)"
w-211,løpe,verb,,A1,fritid,infinitiv: å løpe | presens: løper | preteritum: løp | perfektum_partisipp: har løpt,"бегать, бежать","бігати, бігти",to run,Idrettsutøveren løper en mil langs grusstiene i marka.,Hunden ___ glad etter ballen over den store gressplenen.,løp,Du må skynde deg og ___ hvis du skal rekke bussen!,løpe,draft,"Norsk Ordbank (oai-nb-no-sbr-5, CC BY 4.0)"
w-212,låne,verb,,A1,fritid,infinitiv: å låne | presens: låner | preteritum: lånte | perfektum_partisipp: har lånt,"одалживать, брать взаймы","позичати, брати напрокат","to borrow, lend",Skoleeleven låner faktabøker på biblioteket til prosjektet sitt.,Naboen ___ meg en drill da jeg skulle montere hylla.,lånte,Kan jeg få ___ paraplyen din hvis det begynner å regne?,låne,draft,"Norsk Ordbank (oai-nb-no-sbr-5, CC BY 4.0)"
w-213,prøve,verb,,A1,fritid,infinitiv: å prøve | presens: prøver | preteritum: prøvde | perfektum_partisipp: har prøvd,"пробовать, пытаться","пробувати, намагатися","to try, attempt",Kokken prøver en ny oppskrift med ferske urter og hvitløk.,Skiløperen ___ de nye carving-skiene i bakken forrige helg.,prøvde,Man bør alltid ___ å gjøre sitt beste på eksamen.,prøve,draft,"Norsk Ordbank (oai-nb-no-sbr-5, CC BY 4.0)"
w-214,ønske,verb,,A1,fritid,infinitiv: å ønske | presens: ønsker | preteritum: ønsket | perfektum_partisipp: har ønsket,"желать, хотеть","бажати, хотіти","to wish, want",Bursdagsbarnet ønsker seg en ny sykkel til fødselsdagen sin.,Familien ___ seg en fredelig hvit jul på fjellet i fjor.,ønsket,Vi vil gjerne ___ alle gjestene hjertelig velkommen.,ønske,draft,"Norsk Ordbank (oai-nb-no-sbr-5, CC BY 4.0)"
w-215,mene,verb,,A2,fritid,infinitiv: å mene | presens: mener | preteritum: mente | perfektum_partisipp: har ment,"считать, полагать","вважати, думати","to mean, think, hold an opinion",Deltakeren mener at fysisk aktivitet bedrer konsentrasjonen.,Læreren ___ at klassen burde lese mer litteratur på fritida.,mente,Hva pleier du å ___ om miljøtiltakene i byen vår?,mene,draft,"Norsk Ordbank (oai-nb-no-sbr-5, CC BY 4.0)"
w-216,tro,verb,,A1,fritid,infinitiv: å tro | presens: tror | preteritum: trodde | perfektum_partisipp: har trodd,"думать, верить","думати, вірити","to believe, think",Meteorologen tror det blir klarvær og sol i helgen.,"Han ___ at bussen gikk klokka ti, men den gikk ni.",trodde,Det er lett å ___ at vinteren aldri tar slutt i Nord-Norge.,tro,draft,"Norsk Ordbank (oai-nb-no-sbr-5, CC BY 4.0)"
w-217,vite,verb,,A1,fritid,infinitiv: å vite | presens: vet | preteritum: visste | perfektum_partisipp: har visst,знать,знати,to know (factual),Guiden vet nøyaktig hvor den gamle stien opp fjellet starter.,Ingen av passasjerene ___ hvorfor toget plutselig stoppet.,visste,Det er kjekt å ___ at butikken holder åpent på søndager.,vite,draft,"Norsk Ordbank (oai-nb-no-sbr-5, CC BY 4.0)"
w-218,kunne,verb,,A1,fritid,infinitiv: å kunne | presens: kan | preteritum: kunne | perfektum_partisipp: har kunnet,"мочь, уметь","могти, вміти","can, to be able to",Tolken kan snakke tre ulike språk flytende i hverdagen.,Lille gutten ___ svømme før han begynte på skolen.,kunne,Nå ___ du stille spørsmål til panelet hvis du ønsker.,kan,draft,"Norsk Ordbank (oai-nb-no-sbr-5, CC BY 4.0)"
w-219,måtte,verb,,A1,fritid,infinitiv: å måtte | presens: må | preteritum: måtte | perfektum_partisipp: har måttet,"быть должным, вынужденным","мусити, бути повинним","must, have to",Sjåføren må stoppe for fotgjengere ved alle overganger.,På grunn av uværet ___ fjellovergangen stenges i går kveld.,måtte,"Alle som søker stillingen, ___ ha førerkort klasse B.",må,draft,"Norsk Ordbank (oai-nb-no-sbr-5, CC BY 4.0)"
w-220,trenge,verb,,A1,fritid,infinitiv: å trenge | presens: trenger | preteritum: trengte | perfektum_partisipp: har trengt,нуждаться,потребувати,to need,Pasienten trenger ro og hvile etter det krevende inngrepet.,Fjellklatrerne ___ ekstra tau for å nå den øverste hylla.,trengte,Du behøver ikke å ___ mer penger til denne enkle turen.,trenge,draft,"Norsk Ordbank (oai-nb-no-sbr-5, CC BY 4.0)"
w-221,savne,verb,,A2,fritid,infinitiv: å savne | presens: savner | preteritum: savnet | perfektum_partisipp: har savnet,"скучать по, тосковать",сумувати за,to miss (someone/something),Studenten savner familien og barndomsvennene sine i hjembyen.,"Da hun bodde i utlandet, ___ hun den norske naturen.",savnet,Det er vondt å ___ noen man er veldig glad i.,savne,draft,"Norsk Ordbank (oai-nb-no-sbr-5, CC BY 4.0)"
w-222,diskutere,verb,,A2,fritid,infinitiv: å diskutere | presens: diskuterer | preteritum: diskuterte | perfektum_partisipp: har diskutert,обсуждать,обговорювати,to discuss,Naboene diskuterer felles dugnadsarbeid over en kopp kaffe.,Politikerne ___ budsjettet til langt på natt i går.,diskuterte,Vi satte oss ned for å ___ mulige løsninger på problemet.,diskutere,draft,"Norsk Ordbank (oai-nb-no-sbr-5, CC BY 4.0)"
w-223,forkorte,verb,,A2,fritid,infinitiv: å forkorte | presens: forkorter | preteritum: forkortet | perfektum_partisipp: har forkortet,сокращать,скорочувати,"to shorten, abbreviate",Den nye motorveien forkorter reisetiden mellom byene med en time.,Forfatteren ___ teksten slik at den passet inn på én side.,forkortet,Skredderne måtte ___ buksene fordi de var altfor lange.,forkorte,draft,"Norsk Ordbank (oai-nb-no-sbr-5, CC BY 4.0)"
w-224,bestemme,verb,,A2,fritid,infinitiv: å bestemme | presens: bestemmer | preteritum: bestemte | perfektum_partisipp: har bestemt,"решать, определять","вирішувати, визначати","to decide, determine",Styret bestemmer hvilke oppussingsprosjekter som skal prioriteres.,Ekteparet ___ seg for å kjøpe hytta ved fjellet i fjor.,bestemte,Du må selv ___ hva du ønsker å studere til høsten.,bestemme,draft,"Norsk Ordbank (oai-nb-no-sbr-5, CC BY 4.0)"
w-225,kontrollere,verb,,A2,fritid,infinitiv: å kontrollere | presens: kontrollerer | preteritum: kontrollerte | perfektum_partisipp: har kontrollert,"проверять, контролировать","перевіряти, контролювати","to check, control",Konduktøren kontrollerer billettene til alle passasjerene på toget.,Inspektøren ___ brannslukkerne på hele skolen i forrige uke.,kontrollerte,Det er nødvendig å ___ oljenivået på motoren jevnlig.,kontrollere,draft,"Norsk Ordbank (oai-nb-no-sbr-5, CC BY 4.0)"
w-226,viktig,adj,,A1,arbeid,positiv: viktig | nøytrum: viktig | flertall: viktige | komparativ: viktigere | superlativ: viktigst,важный,важливий,important,Punktlighet er en viktig egenskap i det norske arbeidslivet.,Lederen tok opp et ekstraordinært ___ spørsmål på møtet.,viktig,Rapporten inneholder mange ___ opplysninger om prosjektet.,viktige,draft,"Norsk Ordbank (oai-nb-no-sbr-5, CC BY 4.0)"
w-227,travel,adj,,A2,arbeid,positiv: travel | nøytrum: travelt | flertall: travle | komparativ: travlere | superlativ: travlest,"занятой, напряжённый","зайнятий, напружений",busy,Legen hadde en travel formiddag med mange akutte pasienter.,Det har vært et usedvanlig ___ døgn på legevakta.,travelt,De ___ servitørene løp mellom bordene i restauranten.,travle,draft,"Norsk Ordbank (oai-nb-no-sbr-5, CC BY 4.0)"
w-228,ledig,adj,,A2,arbeid,positiv: ledig | nøytrum: ledig | flertall: ledige | komparativ: ledigere | superlativ: ledigst,"свободный, вакантный","вільний, вакантний","available, vacant",Bedriften lyser ut en ledig stilling som regnskapsfører i dag.,"Bussen var nesten tom, så det var et ___ sete foran.",ledig,Mange søkere kjempet om de tre ___ plassene på kurset.,ledige,draft,"Norsk Ordbank (oai-nb-no-sbr-5, CC BY 4.0)"
w-229,fast,adj,,A2,arbeid,positiv: fast | nøytrum: fast | flertall: faste | komparativ: fastere | superlativ: fastest,"постоянный, фиксированный","постійний, фіксований","permanent, fixed",Etter prøvetiden ble hun tilbudt en fast jobb på skolen.,Håndverkeren har et ___ kontorlokale nede ved havna.,fast,Arbeidsgiveren foretrekker ___ ansatte framfor vikarer.,faste,draft,"Norsk Ordbank (oai-nb-no-sbr-5, CC BY 4.0)"
w-230,punktlig,adj,,A2,arbeid,positiv: punktlig | nøytrum: punktlig | flertall: punktlige | komparativ: punktligere | superlativ: punktligst,пунктуальный,пунктуальний,punctual,En punktlig medarbeider møter alltid presis til avtalt tid.,Toget holdt et usedvanlig ___ tidsskjema i hele morges.,punktlig,Alle de nye lærlingene var beundringsverdig ___ til skiftene.,punktlige,draft,"Norsk Ordbank (oai-nb-no-sbr-5, CC BY 4.0)"
w-231,fornøyd,adj,,A1,arbeid,positiv: fornøyd | nøytrum: fornøyd | flertall: fornøyde | komparativ: mer fornøyd | superlativ: mest fornøyd,довольный,задоволений,"satisfied, pleased",Kunden var veldig fornøyd med den raske servicen i butikken.,Sjefen uttrykte et oppriktig ___ smil etter presentasjonen.,fornøyd,Alle de ansatte virket usedvanlig ___ med det nye pauserommet.,fornøyde,draft,"Norsk Ordbank (oai-nb-no-sbr-5, CC BY 4.0)"
w-232,vanskelig,adj,,A1,arbeid,positiv: vanskelig | nøytrum: vanskelig | flertall: vanskelige | komparativ: vanskeligere | superlativ: vanskeligst,"трудный, сложный","важкий, складний","difficult, hard",Eksamensoppgaven var en vanskelig nøtt å knekke for studentene.,Det er et spesielt ___ regnestykke på prøven i dag.,vanskelig,Læreren hjalp elevene med de mest ___ ordene i teksten.,vanskelige,draft,"Norsk Ordbank (oai-nb-no-sbr-5, CC BY 4.0)"
w-233,enkel,adj,,A1,arbeid,positiv: enkel | nøytrum: enkelt | flertall: enkle | komparativ: enklere | superlativ: enklest,"простой, лёгкий","простий, легкий","simple, easy",Kokeboka inneholder en enkel oppskrift på tradisjonelle vafler.,Dette var et overraskende ___ dataprogram å lære seg.,enkelt,Instruksen forklarte trinnene med helt ___ ord.,enkle,draft,"Norsk Ordbank (oai-nb-no-sbr-5, CC BY 4.0)"
w-234,stor,adj,,A1,bolig,positiv: stor | nøytrum: stort | flertall: store | komparativ: større | superlativ: størst,большой,великий,"big, large",Familien kjøpte et gammelt hus med en stor hage rundt.,Leiligheten har et lyst og ___ kjøkken med spiseplass.,stort,Turgåerne beundret de ___ trærne i nasjonalparken.,store,draft,"Norsk Ordbank (oai-nb-no-sbr-5, CC BY 4.0)"
w-235,liten,adj,,A1,bolig,positiv: liten | nøytrum: lite | flertall: små | komparativ: mindre | superlativ: minst,маленький,маленький,"small, little",Studenten leier en liten hybel like ved høyskolen i Volda.,"Huset har bare et koselig, men ganske ___ soverom.",lite,De to ___ barna lekte fredelig med klosser på teppet.,små,draft,"Norsk Ordbank (oai-nb-no-sbr-5, CC BY 4.0)"
w-236,lys,adj,,A1,bolig,positiv: lys | nøytrum: lyst | flertall: lyse | komparativ: lysere | superlativ: lysest,светлый,світлий,"bright, light",Arkitekten tegnet en lys stue med vinduer fra gulv til tak.,Gjesterommet ble pusset opp og fikk et ___ tregulv.,lyst,Malerne malte veggene i varme og ___ fargetoner.,lyse,draft,"Norsk Ordbank (oai-nb-no-sbr-5, CC BY 4.0)"
w-237,mørk,adj,,A1,bolig,positiv: mørk | nøytrum: mørkt | flertall: mørke | komparativ: mørkere | superlativ: mørkest,тёмный,темний,dark,I november setter vi fram tente lys i en mørk gang.,Kjelleren var et fuktig og ___ rom uten vinduer.,mørkt,Om vinteren er de nordnorske dagene lange og ___.,mørke,draft,"Norsk Ordbank (oai-nb-no-sbr-5, CC BY 4.0)"
w-238,rolig,adj,,A1,bolig,positiv: rolig | nøytrum: rolig | flertall: rolige | komparativ: roligere | superlativ: roligst,"спокойный, тихий","спокійний, тихий","quiet, calm",Småbarnsfamilien bosatte seg i en rolig gate uten gjennomgangstrafikk.,Beboerne satte stor pris på et trygt og ___ nabolag.,rolig,Kveldene på hytta ved innsjøen var alltid fredelige og ___.,rolige,draft,"Norsk Ordbank (oai-nb-no-sbr-5, CC BY 4.0)"
w-239,gammel,adj,,A1,bolig,positiv: gammel | nøytrum: gammelt | flertall: gamle | komparativ: eldre | superlativ: eldst,старый,старий,old,I sentrum står en gammel trebygning fra attenhundretallet.,"Paret kjøpte et sjarmerende, men litt slitent ___ hus.",gammelt,De ___ møblene på loftet var arvet fra oldeforeldrene.,gamle,draft,"Norsk Ordbank (oai-nb-no-sbr-5, CC BY 4.0)"
w-240,ny,adj,,A1,bolig,positiv: ny | nøytrum: nytt | flertall: nye | komparativ: nyere | superlativ: nyest,новый,новий,new,Leietakerne flyttet inn i en ny boligblokk nær T-banen.,Skolen fikk et toppmoderne og velutstyrt ___ bibliotek.,nytt,Butikken pakket ut de rykende ___ varene i hyllene.,nye,draft,"Norsk Ordbank (oai-nb-no-sbr-5, CC BY 4.0)"
w-241,ren,adj,,A1,bolig,positiv: ren | nøytrum: rent | flertall: rene | komparativ: renere | superlativ: renest,чистый,чистий,"clean, pure",Hotellrommet hadde en skinnende ren balkong med havutsikt.,Norge er viden kjent for sitt krystallklare og ___ vann.,rene,Rengjøringsbyrået leverte et fullstendig ___ resultat etter vasken.,rent,draft,"Norsk Ordbank (oai-nb-no-sbr-5, CC BY 4.0)"
w-242,syk,adj,,A1,helse,positiv: syk | nøytrum: sykt | flertall: syke | komparativ: sykere | superlativ: sykest,"больной, нездоровый","хворий, нездоровий","sick, ill",En syk medarbeider må melde fra til arbeidsgiveren om morgenen.,Barnehagen ringte foreldrene fordi de hadde et ___ barn.,sykt,Sykepleierne på avdelingen tok seg kjærlig av de ___ pasientene.,syke,draft,"Norsk Ordbank (oai-nb-no-sbr-5, CC BY 4.0)"
w-243,frisk,adj,,A1,helse,positiv: frisk | nøytrum: friskt | flertall: friske | komparativ: friskere | superlativ: friskest,"здоровый, свежий","здоровий, свіжий","healthy, fresh",En frisk spasertur i skogen gir ny energi til hele kroppen.,Pusten kjentes behagelig da han pustet inn ___ fjelluft.,frisk,Etter en uke med influensa følte pasienten seg endelig ___ igjen.,frisk,draft,"Norsk Ordbank (oai-nb-no-sbr-5, CC BY 4.0)"
w-244,trøtt,adj,,A1,helse,positiv: trøtt | nøytrum: trøtt | flertall: trøtte | komparativ: trøttere | superlativ: trøttest,"уставший, сонный","втомлений, сонний","tired, sleepy",Smårollingen gjespet og ble en trøtt unge på kvelden.,Etter nattvakten var sykepleieren et uvanlig ___ menneske.,trøtt,De ___ sjåførene ble rådet til å ta en pause fra kjøringen.,trøtte,draft,"Norsk Ordbank (oai-nb-no-sbr-5, CC BY 4.0)"
w-245,sliten,adj,,A1,helse,positiv: sliten | nøytrum: slitent | flertall: slitne | komparativ: mer sliten | superlativ: mest sliten,"утомлённый, измотанный","виснажений, стомлений","exhausted, worn out",Bygningsarbeideren sank ned i sofaen som en sliten mann etter skiftet.,Det gamle huset bar preg av et temmelig ___ tak.,slitent,De ___ turgåerne hvilte føttene sine ved bålet.,slitne,draft,"Norsk Ordbank (oai-nb-no-sbr-5, CC BY 4.0)"
w-246,sunn,adj,,A1,helse,positiv: sunn | nøytrum: sunt | flertall: sunne | komparativ: sunnere | superlativ: sunnest,"здоровый, полезный","здоровий, корисний",healthy (diet/habits),En sunn livsstil forebygger mange vanlige hjerte- og karsykdommer.,Grønnsaker og grovt brød er et udiskutabelt ___ kosthold.,sunt,Foreldrene legger stor vekt på å servere ___ måltider til barna.,sunne,draft,"Norsk Ordbank (oai-nb-no-sbr-5, CC BY 4.0)"
w-247,vond,adj,,A1,helse,positiv: vond | nøytrum: vondt | flertall: vonde | komparativ: vondere | superlativ: vondest,"болезненный, больной","болісний, хворий","painful, sore",Pasienten haltet på grunn av en vond ankel etter overtråkket.,Det gjør fryktelig ___ i kneet når jeg bøyer beinet.,vondt,Fysioterapeuten masserte de stive og ___ musklene i skuldrene.,vonde,draft,"Norsk Ordbank (oai-nb-no-sbr-5, CC BY 4.0)"
w-248,hyggelig,adj,,A1,familie,positiv: hyggelig | nøytrum: hyggelig | flertall: hyggelige | komparativ: hyggeligere | superlativ: hyggeligst,"приятный, милый, уютный","приємний, затишний","pleasant, nice, cozy",Vertskapet skapte en hyggelig atmosfære under festmiddagen.,Vi tilbrakte et utrolig ___ døgn på hytta sammen med venner.,hyggelig,Det varmer å møte så mange ___ og imøtekommende mennesker.,hyggelige,draft,"Norsk Ordbank (oai-nb-no-sbr-5, CC BY 4.0)"
w-249,glad,adj,,A1,familie,positiv: glad | nøytrum: glad | flertall: glade | komparativ: gladere | superlativ: gladest,"радостный, счастливый","радісний, щасливий","glad, happy",Jubilanten var en oppriktig glad person da gjestene sang bursdagssangen.,Hun ble kjempe___ da hun mottok det gode jobbtilbudet.,glad,De ___ barna hoppet opp og ned i snøen.,glade,draft,"Norsk Ordbank (oai-nb-no-sbr-5, CC BY 4.0)"
w-250,ung,adj,,A1,familie,positiv: ung | nøytrum: ungt | flertall: unge | komparativ: yngre | superlativ: yngst,молодой,молодий,young,En ung lærling lærer snekkerfaget av de mer erfarne håndverkerne.,Bedriften ansatte et usedvanlig ___ talent innen programvareutvikling.,ungt,De ___ studentene deltok aktivt i debatten på samfunnshuset.,unge,draft,"Norsk Ordbank (oai-nb-no-sbr-5, CC BY 4.0)"
w-251,voksen,adj,,A1,familie,positiv: voksen | nøytrum: voksent | flertall: voksne | komparativ: mer voksen | superlativ: mest voksen,взрослый,дорослий,"adult, grown-up",I en travel barnehage trengs det minst en voksen person per fire barn.,Tenåringen tok et modig og ___ valg da hun valgte yrkesfag.,voksent,Foreldremøtet er kun åpent for de ___ i familien.,voksne,draft,"Norsk Ordbank (oai-nb-no-sbr-5, CC BY 4.0)"
w-252,snill,adj,,A1,familie,positiv: snill | nøytrum: snilt | flertall: snille | komparativ: snillere | superlativ: snillest,добрый,добрий,"kind, nice",Lillesøsteren delte sjokoladen sin med en snill storebror.,Naboen gjorde oss et usedvanlig ___ trekk da han måkte innkjørselen.,snilt,Besteforeldrene var alltid varme og ___ mot alle barnebarna.,snille,draft,"Norsk Ordbank (oai-nb-no-sbr-5, CC BY 4.0)"
w-253,stolt,adj,,A2,familie,positiv: stolt | nøytrum: stolt | flertall: stolte | komparativ: stoltere | superlativ: stoltest,гордый,гордий,proud,Mora sto på tribunen som en stolt tilskuer under skoleløpet.,Faren sendte sønnen et uendelig ___ blikk da vitnemålet ble delt ut.,stolt,De ___ foreldrene gratulerte datteren med bestått fagprøve.,stolte,draft,"Norsk Ordbank (oai-nb-no-sbr-5, CC BY 4.0)"
w-254,dyr,adj,,A1,handel,positiv: dyr | nøytrum: dyrt | flertall: dyre | komparativ: dyrere | superlativ: dyrest,дорогой (по цене),дорогий (за ціною),expensive,Skredderen solgte en dyr jakke i ekte skinn til kunden.,Å leie leilighet i Oslo sentrum er blitt et svært ___ prosjekt.,dyrt,Butikken valgte å sette ned prisene på de mest ___ merkeklærne.,dyre,draft,"Norsk Ordbank (oai-nb-no-sbr-5, CC BY 4.0)"
w-255,billig,adj,,A1,handel,positiv: billig | nøytrum: billig | flertall: billige | komparativ: billigere | superlativ: billigst,"дешёвый, недорогой","дешевий, недорогий","cheap, inexpensive",Markedet tilbyr en billig pose med epler fra lokale bønder.,Studentene fant et uvanlig ___ måltid i universitetskantina.,billig,Kunden så etter de mest ___ varene i lavprisbutikken.,billige,draft,"Norsk Ordbank (oai-nb-no-sbr-5, CC BY 4.0)"
w-256,fersk,adj,,A1,handel,positiv: fersk | nøytrum: ferskt | flertall: ferske | komparativ: ferskere | superlativ: ferskest,свежий,свіжий,fresh,Fiskeren la fram en fersk laks på isen i fiskebutikken.,Bakeriet fristet kundene med nystekt og ___ brød hver morgen.,ferskt,Grønnsakshandleren fylte opp kurvene med ___ råvarer.,ferske,draft,"Norsk Ordbank (oai-nb-no-sbr-5, CC BY 4.0)"
w-257,varm,adj,,A1,handel,positiv: varm | nøytrum: varmt | flertall: varme | komparativ: varmere | superlativ: varmest,"тёплый, горячий","теплий, гарячий","warm, hot",Kokken skjenket opp en varm kaffe til gjestene på kafeen.,Etter skituren smakte det herlig med et rykende ___ måltid.,varmt,Barnet kledde på seg tykke og ___ ullsokker før det gikk ut.,varme,draft,"Norsk Ordbank (oai-nb-no-sbr-5, CC BY 4.0)"
w-258,kald,adj,,A1,handel,positiv: kald | nøytrum: kaldt | flertall: kalde | komparativ: kaldere | superlativ: kaldest,холодный,холодний,cold,I januar feier en kald vind inn fra fjorden over byen.,Kroppen trengte et forfriskende og ___ glass kildevann.,kaldt,Skiløperen varmet sine stive og ___ fingre foran peisbålet.,kalde,draft,"Norsk Ordbank (oai-nb-no-sbr-5, CC BY 4.0)"
w-259,åpen,adj,,A1,handel,positiv: åpen | nøytrum: åpent | flertall: åpne | komparativ: åpnere | superlativ: åpnest,открытый,"відкритий, відчинений",open,Kjøpmannen holder en åpen dør for alle stamkunder i nabolaget.,Apoteket på hjørnet holder et døgn___ tilbud for akuttpasienter.,åpent,Solen skinte inn gjennom de vid___ vinduene i stua.,åpne,draft,"Norsk Ordbank (oai-nb-no-sbr-5, CC BY 4.0)"
w-260,stengt,adj,,A1,handel,positiv: stengt | nøytrum: stengt | flertall: stengte | komparativ: mer stengt | superlativ: mest stengt,закрытый (о заведении/дороге),"закритий, зачинений",closed,Politiets veimelding varslet om en stengt veistrekning på fjellet.,Lørdag kveld møtte vi et låst og helt ___ apotek.,stengt,Skiltet på døra viste at butikken forble helt ___ på helligdager.,stengt,draft,"Norsk Ordbank (oai-nb-no-sbr-5, CC BY 4.0)"
w-261,rask,adj,,A1,transport,positiv: rask | nøytrum: raskt | flertall: raske | komparativ: raskere | superlativ: raskest,быстрый,швидкий,"fast, quick",Ekspresstoget er en rask transportmåte mellom storbyene i sør.,Pasienten fikk et forbausende ___ svar på blodprøvene.,raskt,Sprinterne var utrolig ___ ut fra startblokkene.,raske,draft,"Norsk Ordbank (oai-nb-no-sbr-5, CC BY 4.0)"
w-262,sen,adj,,A1,transport,positiv: sen | nøytrum: sent | flertall: sene | komparativ: senere | superlativ: senest,поздний,пізній,"late, slow",Nattbussen tilbyr en sen avgang for dem som jobber overtid.,Toget hadde et usedvanlig ___ oppmøte på stasjonen i kveld.,sent,Gjestene takket for seg i de ___ nattetimene.,sene,draft,"Norsk Ordbank (oai-nb-no-sbr-5, CC BY 4.0)"
w-263,tidlig,adj,,A1,transport,positiv: tidlig | nøytrum: tidlig | flertall: tidlige | komparativ: tidligere | superlativ: tidligst,ранний,ранній,early,Fiskeren sto opp for en tidlig båttur ut på havet ved soloppgang.,Flybussen hadde et uventet ___ avreiseklokkeslett i dag.,tidlig,Bøndene startet innhøstingen i de ___ morgentimene.,tidlige,draft,"Norsk Ordbank (oai-nb-no-sbr-5, CC BY 4.0)"
w-264,lang,adj,,A1,transport,positiv: lang | nøytrum: langt | flertall: lange | komparativ: lengre | superlativ: lengst,"длинный, долгий","довгий, тривалий",long,Reisende la bak seg en lang biltur over Dovrefjell.,Paret gikk et uvanlig ___ stykke langs den steinete stranda.,langt,Vandrerne bar sekkene sine gjennom de ___ skogsstiene.,lange,draft,"Norsk Ordbank (oai-nb-no-sbr-5, CC BY 4.0)"
w-265,kort,adj,,A1,transport,positiv: kort | nøytrum: kort | flertall: korte | komparativ: kortere | superlativ: kortest,короткий,короткий,"short, brief",Passasjerene tok en kort spasertur fra fergeleiet til hotellet.,Foredragsholderen holdt et konsist og ___ innlegg før lunsj.,kort,Skredderen sydde to ___ skjørt til sommerkolleksjonen.,korte,draft,"Norsk Ordbank (oai-nb-no-sbr-5, CC BY 4.0)"
w-266,trygg,adj,,A1,transport,positiv: trygg | nøytrum: trygt | flertall: trygge | komparativ: tryggere | superlativ: tryggest,"безопасный, надёжный","безпечний, надійний","safe, secure",Bilkjøperne valgte en trygg familiebil med moderne kollisjonsputer.,Barna lekte i et inngjerdet og ___ område ved skolen.,trygt,Byen har anlagt mange nye og ___ sykkelveier.,trygge,draft,"Norsk Ordbank (oai-nb-no-sbr-5, CC BY 4.0)"
w-267,glatt,adj,,A1,transport,positiv: glatt | nøytrum: glatt | flertall: glatte | komparativ: glattere | superlativ: glattest,"скользкий, гладкий","слизький, гладенький","slippery, smooth",Underkjølt regn skapte en glatt veibane for morgentrafikken.,Fortauet utenfor butikken var farlig og ___ i morges.,glatt,Sjåførene må kjøre ekstra varsomt på de ___ vinterveiene.,glatte,draft,"Norsk Ordbank (oai-nb-no-sbr-5, CC BY 4.0)"
w-268,fin,adj,,A1,fritid,positiv: fin | nøytrum: fint | flertall: fine | komparativ: finere | superlativ: finest,"красивый, прекрасный, хороший","гарний, чудовий","fine, nice, beautiful",Maleriet over peisen viser en fin utsikt over Hardangerfjorden.,Været i fjellet ble et usedvanlig ___ skue ved daggry.,fint,Turistene tok mange ___ fotografier under solnedgangen.,fine,draft,"Norsk Ordbank (oai-nb-no-sbr-5, CC BY 4.0)"
w-269,god,adj,,A1,fritid,positiv: god | nøytrum: godt | flertall: gode | komparativ: bedre | superlativ: best,"хороший, вкусный","добрий, гарний, смачний","good, tasty",Kokken høstet ros for en god middag med ferske råvarer.,Ferskpresset appelsinjuice smaker utrolig ___ til frokost.,godt,Gjengen delte mange ___ minner fra skoletiden.,gode,draft,"Norsk Ordbank (oai-nb-no-sbr-5, CC BY 4.0)"
w-270,dårlig,adj,,A1,fritid,positiv: dårlig | nøytrum: dårlig | flertall: dårlige | komparativ: dårligere | superlativ: dårligst,плохой,поганий,"bad, poor",Uværet ga en dårlig sikt for turgåerne på fjelltoppen.,Mobilnettet hadde et temmelig ___ signal nede i dalen.,dårlig,Mange klaget over de uvanlig ___ veiforholdene i vinter.,dårlige,draft,"Norsk Ordbank (oai-nb-no-sbr-5, CC BY 4.0)"
w-271,spennende,adj,,A1,fritid,positiv: spennende | nøytrum: spennende | flertall: spennende | komparativ: mer spennende | superlativ: mest spennende,"увлекательный, захватывающий","захопливий, хвилюючий","exciting, thrilling",Bibliotekaren anbefalte en spennende roman om polfarerne.,Museet viste et overmåte ___ filmklipp fra vikingtiden.,spennende,Fotballkampen bød på mange intense og ___ øyeblikk.,spennende,draft,"Norsk Ordbank (oai-nb-no-sbr-5, CC BY 4.0)"
w-272,kjedelig,adj,,A1,fritid,positiv: kjedelig | nøytrum: kjedelig | flertall: kjedelige | komparativ: kjedeligere | superlativ: kjedeligst,скучный,нудний,"boring, dull",Publikum gjespet under en kjedelig tale som aldri tok slutt.,Å vente på forsinket tog er et fryktelig ___ tidsfordriv.,kjedelig,Eleven syntes boka hadde mange monotone og ___ kapitler.,kjedelige,draft,"Norsk Ordbank (oai-nb-no-sbr-5, CC BY 4.0)"
w-273,gratis,adj,,A1,fritid,positiv: gratis | nøytrum: gratis | flertall: gratis | komparativ: mer gratis | superlativ: mest gratis,бесплатный,безкоштовний,free (of charge),Kommunen arrangerer en gratis utendørskonsert for innbyggerne.,Museet tilbyr et helt ___ inngangstilbud for skoleklasser.,gratis,Frivillige delte ut kaffe og kaker helt ___ til forbipasserende.,gratis,draft,"Norsk Ordbank (oai-nb-no-sbr-5, CC BY 4.0)"
w-274,våt,adj,,A1,fritid,positiv: våt | nøytrum: vått | flertall: våte | komparativ: våtere | superlativ: våtest,"мокрый, сырой","мокрий, вологий",wet,Turgåeren kom inn i hytta som en gjennomvåt person etter regnskyllet.,Gresset på plenen var et usedvanlig ___ underlag i morges.,vått,Barna hengte opp sine dryppende og ___ votter til tørk.,våte,draft,"Norsk Ordbank (oai-nb-no-sbr-5, CC BY 4.0)"
w-275,tørr,adj,,A1,fritid,positiv: tørr | nøytrum: tørt | flertall: tørre | komparativ: tørrere | superlativ: tørrest,сухой,сухий,dry,Veden i vedskjulet er tørr og brenner med klar flamme.,Etter en uke med solskinn var det et helt ___ jordsmonn i hagen.,tørt,Husk å pakke soveposen inn i vanntett pose så den holder seg ___.,tørr,draft,"Norsk Ordbank (oai-nb-no-sbr-5, CC BY 4.0)"
w-276,alltid,adv,,A1,arbeid,grunnform: alltid,всегда,завжди,always,Syklisten har alltid på seg refleksvest når det er mørkt.,Konduktøren sjekker ___ billettene til passasjerene på toget.,alltid,Husk at det ___ er lov å be læreren om hjelp.,alltid,draft,"Norsk Ordbank (oai-nb-no-sbr-5, CC BY 4.0)"
w-277,ofte,adv,,A1,arbeid,grunnform: ofte,часто,часто,often,Naboene møtes ofte ved postkassene for en vennlig prat.,Småbarnsfamilien spiser ___ fisk til middag i hverdagen.,ofte,Hvor ___ går bussen fra denne holdeplassen om morgenen?,ofte,draft,"Norsk Ordbank (oai-nb-no-sbr-5, CC BY 4.0)"
w-278,sjelden,adv,,A2,arbeid,grunnform: sjelden,редко,рідко,"rarely, seldom",Togene på denne avsidesliggende strekningen er sjelden forsinket.,Det snør ___ så langt sør i landet i oktober.,sjelden,Han spiser veldig ___ hurtigmat fordi han foretrekker hjemmelaget.,sjelden,draft,"Norsk Ordbank (oai-nb-no-sbr-5, CC BY 4.0)"
w-279,aldri,adv,,A1,arbeid,grunnform: aldri,никогда,ніколи,never,En samvittighetsfull sjåfør bruker aldri mobiltelefonen under kjøring.,Læreren mister ___ tålmodigheten med elevene i timen.,aldri,Det er ___ for sent å lære noe nytt i livet.,aldri,draft,"Norsk Ordbank (oai-nb-no-sbr-5, CC BY 4.0)"
w-280,hjemme,adv,,A1,bolig,grunnform: hjemme,дома (местонахождение),вдома (місце),at home,Den syke lærlingen holdt seg hjemme under dynen i to dager.,I helgene foretrekker vi å slappe av ___ i stua.,hjemme,Er det noen ___ når budet ringer på døra?,hjemme,draft,"Norsk Ordbank (oai-nb-no-sbr-5, CC BY 4.0)"
w-281,hjem,adv,,A1,bolig,grunnform: hjem,домой (направление),додому (напрямок),home (direction),Skolebarna gleder seg til å sykle hjem etter siste time.,Klokka fire tar pendlere bussen ___ til familien sin.,hjem,Etter en lang arbeidsdag ville han bare reise rett ___.,hjem,draft,"Norsk Ordbank (oai-nb-no-sbr-5, CC BY 4.0)"
w-282,ute,adv,,A1,fritid,grunnform: ute,"снаружи, на улице (место)","на вулиці, надворі (місце)","outside, outdoors",Barnehagebarna kler på seg varme dresser og leker ute i snøen.,Termometeret viste at det var fem kuldegrader ___ i natt.,ute,Om sommeren liker vi å spise lunsj ___ på verandaen.,ute,draft,"Norsk Ordbank (oai-nb-no-sbr-5, CC BY 4.0)"
w-283,ut,adv,,A1,fritid,grunnform: ut,"наружу, на улицу (направление)","назовні, надвір (напрямок)","out, outside (direction)",Hunden bjeffet ivrig og løp ut i hagen så snart døra ble åpnet.,Ta på deg regnjakke før du går ___ i det dårlige været.,ut,Familien bestemte seg for å dra ___ på båttur på fjorden.,ut,draft,"Norsk Ordbank (oai-nb-no-sbr-5, CC BY 4.0)"
w-284,sammen,adv,,A1,familie,grunnform: sammen,вместе,разом,together,Søsknene baker pepperkaker sammen på kjøkkenet før jul.,Kolleger på avdelingen løser de vanskelige oppgavene ___.,sammen,Det er mye hyggeligere å spise middag ___ enn alene.,sammen,draft,"Norsk Ordbank (oai-nb-no-sbr-5, CC BY 4.0)"
w-285,alene,adv,,A1,familie,grunnform: alene,"один, в одиночку","один, наодинці","alone, by oneself",Pensjonisten bor alene i et koselig rekkehus med hageflekk.,Han foretrekker å studere ___ på lesesalen uten forstyrrelser.,alene,Barnet var for lite til å være hjemme ___ om kvelden.,alene,draft,"Norsk Ordbank (oai-nb-no-sbr-5, CC BY 4.0)"
w-286,kanskje,adv,,A1,arbeid,grunnform: kanskje,"возможно, может быть","можливо, мабуть","maybe, perhaps","Dersom været holder seg tørt, drar vi kanskje på telttur i helgen.",Legen sa at feberen ___ ville gi seg i løpet av morgendagen.,kanskje,Vi må ___ bestille bord på forhånd til fredagskvelden.,kanskje,draft,"Norsk Ordbank (oai-nb-no-sbr-5, CC BY 4.0)"
w-287,dessverre,adv,,A2,arbeid,grunnform: dessverre,к сожалению,на жаль,unfortunately,Arbeidsgiveren ga beskjed om at stillingen dessverre var besatt.,Toget var ___ innstilt på grunn av et strømbrudd på linjen.,dessverre,Konserten ble ___ avlyst på grunn av vokalistens sykdom.,dessverre,draft,"Norsk Ordbank (oai-nb-no-sbr-5, CC BY 4.0)"
w-288,heldigvis,adv,,A2,arbeid,grunnform: heldigvis,к счастью,на щастя,"fortunately, luckily","Syklisten veltet på glattisen, men kom heldigvis fra det uten skader.","Brannvesenet slukket flammene raskt, så ingen kom ___ til skade.",heldigvis,Lommeboka lå ___ igjen på kafébordet der han hadde glemt den.,heldigvis,draft,"Norsk Ordbank (oai-nb-no-sbr-5, CC BY 4.0)"
w-289,allikevel,adv,,A2,arbeid,grunnform: allikevel,"всё равно, тем не менее","все одно, проте, все-таки","nevertheless, anyway","Regnet øste ned, men turgåerne gjennomførte allikevel turen over fjellet.","Kandidaten var nervøs før intervjuet, men gjorde et godt inntrykk ___.",allikevel,"Selv om prisen var litt stiv, valgte de å kjøpe huset ___.",allikevel,draft,"Norsk Ordbank (oai-nb-no-sbr-5, CC BY 4.0)"
w-290,fordi,conj,,A1,arbeid,grunnform: fordi,"потому что, так как","тому що, оскільки",because,Lærlingen kom for sent til jobben fordi bussen sto fast i snøkaoset.,Han ble hjemme fra skolen ___ han hadde feber og vondt i halsen.,fordi,Vi valgte å avlyse turen ___ værmeldingen varslet sterk storm.,fordi,draft,"Norsk Ordbank (oai-nb-no-sbr-5, CC BY 4.0)"
w-291,derfor,conj,,A1,arbeid,grunnform: derfor,"поэтому, по этой причине","тому, через це","therefore, that's why","Veiene var speilglatte, og derfor kjørte bilistene ekstra forsiktig.","Toget var innstilt, og ___ måtte passasjerene ta erstatningsbuss.",derfor,"Han sparte flittig hver måned, og ___ fikk han råd til leiligheten.",derfor,draft,"Norsk Ordbank (oai-nb-no-sbr-5, CC BY 4.0)"
w-292,hvis,conj,,A1,arbeid,grunnform: hvis,если,якщо,if,Du må ta kontakt med fastlegen hvis smertene i ryggen ikke forsvinner.,Vi kan dra på piknik i parken ___ solen titter fram i ettermiddag.,hvis,Spør læreren med en gang ___ det er noe du ikke forstår.,hvis,draft,"Norsk Ordbank (oai-nb-no-sbr-5, CC BY 4.0)"
w-293,mens,conj,,A2,arbeid,grunnform: mens,"пока, в то время как","поки, у той час як","while, whereas",Moren lagde middag på kjøkkenet mens barna gjorde leksene sine.,Han hørte på nyhetene i radioen ___ han kjørte bil til jobb.,mens,Passasjerene ventet i avgangshallen ___ flyet ble klargjort.,mens,draft,"Norsk Ordbank (oai-nb-no-sbr-5, CC BY 4.0)"
w-294,mellom,prep,,A2,transport,grunnform: mellom,между,між,"between, among",Ekspresstoget pendler i skytteltrafikk mellom Drammen og Gardermoen.,Det oppsto god tillit og forståelse ___ de to nabolandene.,mellom,Butikken holder lunsjstengt ___ tolv og ett hver fredag.,mellom,draft,"Norsk Ordbank (oai-nb-no-sbr-5, CC BY 4.0)"
w-295,gjennom,prep,,A2,bolig,grunnform: gjennom,"через, сквозь","через, крізь",through,Morgensolen lyste vakkert inn gjennom de store stuevinduene.,Turgåerne vandret forsiktig ___ den tette furuskogen i tåka.,gjennom,Toget dundret i full fart ___ den lange fjelltunnelen.,gjennom,draft,"Norsk Ordbank (oai-nb-no-sbr-5, CC BY 4.0)"
w-296,utenfor,prep,,A2,arbeid,grunnform: utenfor,"снаружи, за пределами, около","зовні, за межами, біля","outside, outside of",Demonstrantene samlet seg til en fredelig markering utenfor Stortinget.,Mange pendlere parkerte bilene sine ___ togstasjonen i morges.,utenfor,Barna lekte gjemmeleke like ___ gjerdet til barnehagen.,utenfor,draft,"Norsk Ordbank (oai-nb-no-sbr-5, CC BY 4.0)"
w-297,innen,prep,,A2,familie,grunnform: innen,"до, не позднее чем","до, не пізніше ніж","within, by (time)",Søkerne må levere inn alle vedlegg innen fristen på fredag.,Regningen for husleia må betales ___ den første i neste måned.,innen,Vennligst send inn svar på henvendelsen ___ tre virkedager.,innen,draft,"Norsk Ordbank (oai-nb-no-sbr-5, CC BY 4.0)"
w-298,begge,pron,,A1,familie,grunnform: begge,"оба, обе","обидва, обидві",both,Begge foreldrene deltok aktivt på dugnaden i idrettslaget.,Tvillingene besto ___ førerprøven på første forsøk i går.,begge,De to søknadene ble ___ godkjent av saksbehandleren.,begge,draft,"Norsk Ordbank (oai-nb-no-sbr-5, CC BY 4.0)"
w-299,mange,pron,,A1,handel,grunnform: mange,"многие, много (исчисляемое)",багато (злічуване),many,I helgen strømmet mange kunder til det store høstsalget på senteret.,Biblioteket har ___ spennende barnebøker til utlån.,mange,Det møtte opp uventet ___ deltakere til kveldens foredrag.,mange,draft,"Norsk Ordbank (oai-nb-no-sbr-5, CC BY 4.0)"
w-300,mye,pron,,A1,handel,grunnform: mye,много (неисчисляемое),багато (незлічуване),"much, a lot of",Bonden høstet mye fersk frukt fra frukttrærne i hagen.,Kaken inneholder altfor ___ sukker etter min smak.,mye,Hun brukte uvanlig ___ tid på å forberede seg til intervjuet.,mye,draft,"Norsk Ordbank (oai-nb-no-sbr-5, CC BY 4.0)"
p-001,"Jeg er enig, fordi",phrase,,A2,arbeid;samfunn,"uttrykk: Jeg er enig, fordi","Я согласен, потому что…","Я згоден, тому що…","I agree, because…","Jeg er enig, fordi det sparer mye tid i hverdagen.","Jeg er helt ___, fordi dette gir bedre arbeidsmiljø.",enig,"Jeg er enig, ___ det hjelper både foreldre og barn.",fordi,draft,Norsk Ordbank (CC BY 4.0) + NDT Bokmål (CC0 1.0)
p-002,Det kommer an på,phrase,,A2,arbeid;bolig,uttrykk: Det kommer an på,Это зависит от…,Це залежить від…,It depends on…,Det kommer an på hvor langt du bor fra jobben.,Det ___ an på hvilken vakt jeg får neste uke.,kommer,Det kommer an ___ prisen og beliggenheten.,på,draft,Norsk Ordbank (CC BY 4.0) + NDT Bokmål (CC0 1.0)
p-003,Hva mener du?,phrase,,A1,arbeid;fritid,uttrykk: Hva mener du?,Что ты думаешь? / Каково твоё мнение?,Що ти думаєш? / Яка твоя думка?,What do you think?,Jeg trives med hjemmekontor. Hva mener du?,Hva ___ du om dette forslaget på jobben?,mener,___ mener du er den største fordelen med tog?,Hva,draft,Norsk Ordbank (CC BY 4.0) + NDT Bokmål (CC0 1.0)
p-004,Kan du gjenta?,phrase,,A1,arbeid;familie,uttrykk: Kan du gjenta?,Можешь повторить?,Чи можеш повторити?,Can you repeat?,"Unnskyld, jeg hørte ikke spørsmålet. Kan du gjenta?",Kan du ___ det siste ordet litt langsommere?,gjenta,___ du gjenta spørsmålet en gang til?,Kan,draft,Norsk Ordbank (CC BY 4.0) + NDT Bokmål (CC0 1.0)
p-005,På den ene siden,phrase,,B1,arbeid;bolig,uttrykk: På den ene siden,С одной стороны…,З одного боку…,On the one hand…,"På den ene siden er det rolig på landet, men på den andre siden er det langt til jobb.",På den ___ siden sparer vi reisetid med hjemmekontor.,ene,På den ene ___ er leiligheten lys og moderne.,siden,draft,Norsk Ordbank (CC BY 4.0) + NDT Bokmål (CC0 1.0)
p-006,På den andre siden,phrase,,B1,arbeid;bolig,uttrykk: På den andre siden,С другой стороны…,З іншого боку…,On the other hand…,På den andre siden savner man ofte kollegene sine.,På den ___ siden koster det mer å bo i sentrum.,andre,___ den andre siden har bussen mange avganger.,På,draft,Norsk Ordbank (CC BY 4.0) + NDT Bokmål (CC0 1.0)
p-007,Etter min mening,phrase,,A2,arbeid;helse,uttrykk: Etter min mening,По моему мнению…,На мою думку…,In my opinion…,Etter min mening bør alle ha tid til fysisk aktivitet.,Etter min ___ er kollektivtransport best i store byer.,mening,___ min mening trenger skolen flere lærere.,Etter,draft,Norsk Ordbank (CC BY 4.0) + NDT Bokmål (CC0 1.0)
p-008,Jeg synes at,phrase,,A1,fritid;familie,uttrykk: Jeg synes at,"Мне кажется / я считаю, что…","Мені здається / я вважаю, що…",I think / find that…,Jeg synes at dette temaet er veldig aktuelt.,Jeg ___ at det er hyggelig å lage mat sammen.,synes,Jeg synes ___ vi bør ta toget i stedet for bil.,at,draft,Norsk Ordbank (CC BY 4.0) + NDT Bokmål (CC0 1.0)
p-009,For eksempel,phrase,,A1,arbeid;handel,uttrykk: For eksempel,Например,Наприклад,For example,"Vi kan gjøre mye for miljøet, for eksempel sykle til jobb.","Mange handler på nett, for ___ klær og sko.",eksempel,___ eksempel kan vi møtes på biblioteket etter kurset.,For,draft,Norsk Ordbank (CC BY 4.0) + NDT Bokmål (CC0 1.0)
p-010,Hva synes du om,phrase,,A1,fritid;bolig,uttrykk: Hva synes du om,Что ты думаешь о…?,Що ти думаєш про…?,What do you think about…?,Hva synes du om å bo i blokk?,Hva ___ du om den nye arbeidstidsordningen?,synes,Hva synes du ___ forslaget fra kommunen?,om,draft,Norsk Ordbank (CC BY 4.0) + NDT Bokmål (CC0 1.0)
p-011,Jeg er litt usikker,phrase,,A2,arbeid;helse,uttrykk: Jeg er litt usikker,Я немного не уверен,Я трохи не впевнений,I am a bit unsure,Jeg er litt usikker på hva som er best her.,Jeg er litt ___ på om jeg kan bytte vakt.,usikker,Vi er ___ på hvilket tog vi skal velge.,usikre,draft,Norsk Ordbank (CC BY 4.0) + NDT Bokmål (CC0 1.0)
p-012,Kan du forklare nærmere?,phrase,,A2,arbeid;familie,uttrykk: Kan du forklare nærmere?,Можешь объяснить подробнее?,Чи можеш пояснити детальніше?,Can you explain in more detail?,Det høres interessant ut. Kan du forklare nærmere?,Kan du ___ nærmere hva du mener med dette?,forklare,Kan du forklare ___ hvordan ordningen fungerer?,nærmere,draft,Norsk Ordbank (CC BY 4.0) + NDT Bokmål (CC0 1.0)
p-013,En stor fordel er at,phrase,,A2,arbeid;transport,uttrykk: En stor fordel er at,"Большое преимущество в том, что…","Велика перевага в тому, що…",A big advantage is that…,En stor fordel er at toget går uten kø.,En stor ___ er at man blir kjent med naboene.,fordel,To viktige ___ er kortere reisetid og lavere pris.,fordeler,draft,Norsk Ordbank (CC BY 4.0) + NDT Bokmål (CC0 1.0)
p-014,En ulempe kan være at,phrase,,A2,bolig;transport,uttrykk: En ulempe kan være at,"Недостатком может быть то, что…","Недоліком може бути те, що…",A disadvantage may be that…,En ulempe kan være at husleia er høy i sentrum.,En ___ kan være at det blir lite sosial kontakt.,ulempe,Hvilke ___ ser du ved å jobbe bare hjemmefra?,ulemper,draft,Norsk Ordbank (CC BY 4.0) + NDT Bokmål (CC0 1.0)
p-015,Det stemmer at,phrase,,A2,arbeid;handel,uttrykk: Det stemmer at,"Верно, что… / Это правда, что…","Правда, що… / Це так, що…",It is true / correct that…,Det stemmer at prisene har økt det siste året.,Det ___ at mange foretrekker fleksibel arbeidstid.,stemmer,Stemmer ___ at biblioteket holder åpent på søndager?,det,draft,Norsk Ordbank (CC BY 4.0) + NDT Bokmål (CC0 1.0)
p-016,Jeg foretrekker å,phrase,,A2,fritid;bolig,uttrykk: Jeg foretrekker å,Я предпочитаю…,Я віддаю перевагу…,I prefer to…,Jeg foretrekker å sykle når det ikke regner.,Jeg ___ å handle mat én gang i uka.,foretrekker,I fjor ___ vi å leie ei hytte ved sjøen.,foretrakk,draft,Norsk Ordbank (CC BY 4.0) + NDT Bokmål (CC0 1.0)
p-017,Det er viktig å huske at,phrase,,A2,helse;familie,uttrykk: Det er viktig å huske at,"Важно помнить, что…","Важливо пам’ятати, що…",It is important to remember that…,Det er viktig å huske at alle barn er forskjellige.,Det er ___ å huske at hvile gir ny energi.,viktig,Det er viktig å ___ at fristen går ut på fredag.,huske,draft,Norsk Ordbank (CC BY 4.0) + NDT Bokmål (CC0 1.0)
p-018,Min erfaring er at,phrase,,A2,arbeid;familie,uttrykk: Min erfaring er at,"Мой опыт показывает, что…","Мій досвід показує, що…",My experience is that…,Min erfaring er at man lærer språk raskest i praksis.,Min ___ er at gode rutiner gjør hverdagen enklere.,erfaring,___ erfaring er at åpne spørsmål gir bedre samtaler.,Min,draft,Norsk Ordbank (CC BY 4.0) + NDT Bokmål (CC0 1.0)
p-019,På dette bildet ser jeg,phrase,,A1,fritid;bolig,uttrykk: På dette bildet ser jeg,На этой картинке я вижу…,На цій картинці я бачу…,In this picture I see…,På dette bildet ser jeg en familie som spiser frokost.,På dette ___ ser jeg tre personer på en bussholdeplass.,bildet,På dette bildet ___ jeg et travelt torg om sommeren.,ser,draft,Norsk Ordbank (CC BY 4.0) + NDT Bokmål (CC0 1.0)
p-020,I bakgrunnen kan vi se,phrase,,A2,fritid;bolig,uttrykk: I bakgrunnen kan vi se,На заднем плане мы видим…,На задньому плані ми бачимо…,In the background we can see…,I bakgrunnen kan vi se høye fjell og blå himmel.,I ___ kan vi se et hvitt sykehus og noen trær.,bakgrunnen,I bakgrunnen kan vi ___ en buss som kjører forbi.,se,draft,Norsk Ordbank (CC BY 4.0) + NDT Bokmål (CC0 1.0)
p-021,Til venstre på bildet,phrase,,A1,bolig;handel,uttrykk: Til venstre på bildet,Слева на картинке,Ліворуч на картинці,On the left of the picture,Til venstre på bildet står det en kunde med handlekurv.,Til ___ på bildet sitter ei jente og leser.,venstre,Til venstre ___ bildet er det en liten kafé.,på,draft,Norsk Ordbank (CC BY 4.0) + NDT Bokmål (CC0 1.0)
p-022,Til høyre ser vi,phrase,,A1,bolig;transport,uttrykk: Til høyre ser vi,Справа мы видим…,Праворуч ми бачимо…,To the right we see…,Til høyre ser vi en sykkelsti langs veien.,Til ___ ser vi en lege som snakker med pasienten.,høyre,___ høyre ser vi inngangen til stasjonen.,Til,draft,Norsk Ordbank (CC BY 4.0) + NDT Bokmål (CC0 1.0)
p-023,Det får meg til å tenke på,phrase,,A2,familie;fritid,uttrykk: Det får meg til å tenke på,Это наводит меня на мысль о…,Це наштовхує мене на думку про…,It makes me think of…,Det får meg til å tenke på sommerferien i fjor.,Det får meg til å ___ på min første arbeidsdag.,tenke,Bildet ___ meg til å tenke på kollektivtransport i Oslo.,får,draft,Norsk Ordbank (CC BY 4.0) + NDT Bokmål (CC0 1.0)
p-024,Hva tenker du om det?,phrase,,A1,arbeid;familie,uttrykk: Hva tenker du om det?,Что ты об этом думаешь?,Що ти про це думаєш?,What do you think about that?,Vi kan dele oppgavene likt. Hva tenker du om det?,Hva ___ du om det forslaget vi fikk i går?,tenker,Hva tenker du ___ det å jobbe i helgene?,om,draft,Norsk Ordbank (CC BY 4.0) + NDT Bokmål (CC0 1.0)
p-025,Jeg forstår hva du mener,phrase,,A2,arbeid;familie,uttrykk: Jeg forstår hva du mener,"Я понимаю, что ты имеешь в виду","Я розумію, що ти маєш на увазі",I understand what you mean,"Jeg forstår hva du mener, men jeg ser det litt annerledes.",Jeg ___ hva du mener med at reisetida blir for lang.,forstår,"Jeg forstår hva du ___, og det er et godt poeng.",mener,draft,Norsk Ordbank (CC BY 4.0) + NDT Bokmål (CC0 1.0)
p-026,Det er et godt poeng,phrase,,A2,arbeid;helse,uttrykk: Det er et godt poeng,Это хороший аргумент / верное замечание,Це слушна думка / хороший аргумент,That is a good point,"Det er et godt poeng, særlig for barnefamilier.",Det er et ___ poeng som vi bør ta med videre.,godt,Du kom med to gode ___ under diskusjonen.,poenger,draft,Norsk Ordbank (CC BY 4.0) + NDT Bokmål (CC0 1.0)
p-027,Samtidig må vi huske at,phrase,,B1,arbeid;helse,uttrykk: Samtidig må vi huske at,"В то же время мы должны помнить, что…","Водночас ми маємо пам’ятати, що…",At the same time we must remember that…,Samtidig må vi huske at ikke alle har bil.,___ må vi huske at sunn mat gir mer overskudd.,Samtidig,Samtidig ___ vi huske at eldre ofte foretrekker kontanter.,må,draft,Norsk Ordbank (CC BY 4.0) + NDT Bokmål (CC0 1.0)
p-028,I hjemlandet mitt pleier vi å,phrase,,A2,familie;fritid,uttrykk: I hjemlandet mitt pleier vi å,У меня на родине мы обычно…,У моїй рідній країні ми зазвичай…,In my home country we usually…,I hjemlandet mitt pleier vi å samle hele familien om søndagen.,I ___ mitt pleier vi å drikke te etter middag.,hjemlandet,I hjemlandet mitt ___ vi å feire nyttår med venner.,pleier,draft,Norsk Ordbank (CC BY 4.0) + NDT Bokmål (CC0 1.0)
p-029,I Norge er det vanlig å,phrase,,A2,arbeid;fritid,uttrykk: I Norge er det vanlig å,В Норвегии принято…,У Норвегії заведено…,In Norway it is common to…,I Norge er det vanlig å ha med matpakke på jobb.,I Norge er det ___ å gå på tur i allslags vær.,vanlig,I Norge ___ det vanlig å hilse kort på bussen.,er,draft,Norsk Ordbank (CC BY 4.0) + NDT Bokmål (CC0 1.0)
p-030,Det viktigste for meg er,phrase,,A2,arbeid;bolig,uttrykk: Det viktigste for meg er,Самое важное для меня — это…,Найважливіше для мене — це…,The most important thing for me is…,Det viktigste for meg er et trygt miljø for barna.,Det ___ for meg er å ha hyggelige kolleger.,viktigste,Det viktigste ___ meg er kort vei til barnehagen.,for,draft,Norsk Ordbank (CC BY 4.0) + NDT Bokmål (CC0 1.0)
p-031,Jeg pleier å,phrase,,A1,fritid;helse,uttrykk: Jeg pleier å,Я обычно… (делаю что-то),Я зазвичай… (роблю щось),I usually…,Jeg pleier å legge meg før klokka elleve.,Jeg ___ å lese tjue minutter på norsk hver kveld.,pleier,"Da jeg bodde i Bergen, ___ jeg å gå opp på Fløyen.",pleide,draft,Norsk Ordbank (CC BY 4.0) + NDT Bokmål (CC0 1.0)
p-032,Jeg har lyst til å,phrase,,A1,fritid;arbeid,uttrykk: Jeg har lyst til å,Мне хочется… / Я хочу…,Мені хочеться… / Я хочу…,I would like to… / I feel like…,Jeg har lyst til å ta fagbrev neste år.,Jeg har ___ til å lære mer om norsk historie.,lyst,Har du lyst ___ å bli med på skitur i morgen?,til,draft,Norsk Ordbank (CC BY 4.0) + NDT Bokmål (CC0 1.0)
p-033,Det spørs om,phrase,,A2,arbeid;transport,uttrykk: Det spørs om,"Вопрос в том, … ли / Зависит от того, … ли","Питання в тому, чи…",It is a question whether… / It depends whether…,Det spørs om vi rekker toget klokka fem.,Det ___ om været holder seg tørt til i kveld.,spørs,Det spørs ___ bedriften har råd til flere ansatte nå.,om,draft,Norsk Ordbank (CC BY 4.0) + NDT Bokmål (CC0 1.0)
p-034,Alt i alt mener jeg at,phrase,,B1,arbeid;bolig,uttrykk: Alt i alt mener jeg at,"В целом я считаю, что…","Загалом я вважаю, що…",All in all I think that…,Alt i alt mener jeg at fordelene er større enn ulempene.,Alt i ___ mener jeg at dette er ei god løsning.,alt,Alt i alt ___ jeg at bylivet passer godt for oss.,mener,draft,Norsk Ordbank (CC BY 4.0) + NDT Bokmål (CC0 1.0)
p-035,For det første,phrase,,A2,arbeid;helse,uttrykk: For det første,Во-первых,По-перше,Firstly / First of all,For det første er det bra for helsa å sykle.,For det ___ sparer vi penger ved å lage mat hjemme.,første,___ det første gir deltidsjobb verdifull arbeidserfaring.,For,draft,Norsk Ordbank (CC BY 4.0) + NDT Bokmål (CC0 1.0)
p-036,For det andre,phrase,,A2,arbeid;helse,uttrykk: For det andre,Во-вторых,По-друге,Secondly,For det andre blir det mindre biltrafikk i byen.,For det ___ lærer man mye av å jobbe i team.,andre,For ___ andre er busskortet billigere for studenter.,det,draft,Norsk Ordbank (CC BY 4.0) + NDT Bokmål (CC0 1.0)
p-037,I tillegg til dette,phrase,,A2,arbeid;bolig,uttrykk: I tillegg til dette,В дополнение к этому / Кроме того,На додаток до цього / Крім того,In addition to this,I tillegg til dette får de ansatte gratis kaffe.,I ___ til dette har leiligheten en egen bod i kjelleren.,tillegg,I tillegg ___ dette tilbyr kommunen gratis språkkafé.,til,draft,Norsk Ordbank (CC BY 4.0) + NDT Bokmål (CC0 1.0)
p-038,Hva pleier du å gjøre når,phrase,,A2,fritid;helse,uttrykk: Hva pleier du å gjøre når,"Что ты обычно делаешь, когда…?","Що ти зазвичай робиш, коли…?",What do you usually do when…?,Hva pleier du å gjøre når du har fri i helga?,Hva ___ du å gjøre når det regner hele helga?,pleier,Hva pleier du å gjøre ___ du vil slappe av etter jobb?,når,draft,Norsk Ordbank (CC BY 4.0) + NDT Bokmål (CC0 1.0)
p-039,Kan du gi et eksempel?,phrase,,A2,arbeid;familie,uttrykk: Kan du gi et eksempel?,Можешь привести пример?,Чи можеш навести приклад?,Can you give an example?,Det høres spennende ut. Kan du gi et eksempel?,Kan du ___ et eksempel på en god rutine i hverdagen?,gi,Kan du gi ___ eksempel fra din egen arbeidsplass?,et,draft,Norsk Ordbank (CC BY 4.0) + NDT Bokmål (CC0 1.0)
p-040,"Hvis jeg kunne velge, ville jeg",phrase,,B1,bolig;arbeid,"uttrykk: Hvis jeg kunne velge, ville jeg","Если бы я мог выбирать, я бы…","Якби я міг обирати, я б…","If I could choose, I would…","Hvis jeg kunne velge, ville jeg bo nær både skog og tog.","Hvis jeg kunne ___, ville jeg ha fire dagers arbeidsuke.",velge,"Hvis jeg kunne velge, ___ jeg jobbe litt nærmere hjemmet.",ville,draft,Norsk Ordbank (CC BY 4.0) + NDT Bokmål (CC0 1.0)
p-041,Jeg har lagt merke til at,phrase,,B1,arbeid;fritid,uttrykk: Jeg har lagt merke til at,"Я заметил, что…","Я помітив, що…",I have noticed that…,Jeg har lagt merke til at mange går på tur på søndager.,Jeg har ___ merke til at prisene varierer fra butikk til butikk.,lagt,Jeg har lagt ___ til at folk er flinke til å kildesortere.,merke,draft,Norsk Ordbank (CC BY 4.0) + NDT Bokmål (CC0 1.0)
p-042,Det gjør ikke noe,phrase,,A1,familie;handel,uttrykk: Det gjør ikke noe,Ничего страшного,Нічого страшного,It does not matter / No problem,Kom du fem minutter for sent? Det gjør ikke noe.,Det ___ ikke noe om vi må ta neste buss.,gjør,Det gjør ikke ___ at det regner litt på turen.,noe,draft,Norsk Ordbank (CC BY 4.0) + NDT Bokmål (CC0 1.0)
p-043,La oss se på,phrase,,A2,arbeid;handel,uttrykk: La oss se på,Давай посмотрим на…,Давай подивимося на…,Let us look at…,La oss se på hva vi kan gjøre for å spare strøm.,___ oss se på begge alternativene før vi bestemmer oss.,La,La oss ___ på timeplanen for neste uke.,se,draft,Norsk Ordbank (CC BY 4.0) + NDT Bokmål (CC0 1.0)
p-044,Det er jeg helt enig i,phrase,,A2,arbeid;familie,uttrykk: Det er jeg helt enig i,С этим я полностью согласен,З цим я повністю згоден,I completely agree with that,God kommunikasjon er viktig. Det er jeg helt enig i.,"Det er jeg helt ___ i, for slik tenker jeg også.",enig,Det er jeg helt enig ___.,i,draft,Norsk Ordbank (CC BY 4.0) + NDT Bokmål (CC0 1.0)
p-045,Jeg er ikke helt enig,phrase,,A2,arbeid;bolig,uttrykk: Jeg er ikke helt enig,Я не совсем согласен,Я не зовсім згоден,I do not quite agree,"Jeg er ikke helt enig, for det finnes andre løsninger.",Jeg er ikke ___ enig i at bil alltid er raskest.,helt,Vi er ikke helt ___ i dette forslaget.,enige,draft,Norsk Ordbank (CC BY 4.0) + NDT Bokmål (CC0 1.0)
p-046,Hva er grunnen til at,phrase,,B1,arbeid;helse,uttrykk: Hva er grunnen til at,"В чём причина того, что…?","У чому причина того, що…?",What is the reason that…?,Hva er grunnen til at mange flytter til byene?,Hva er ___ til at du valgte dette yrket?,grunnen,Hva er grunnen ___ at bussen ikke stopper her i dag?,til,draft,Norsk Ordbank (CC BY 4.0) + NDT Bokmål (CC0 1.0)
p-047,Det fører til at,phrase,,B1,transport;helse,uttrykk: Det fører til at,"Это приводит к тому, что…","Це призводить до того, що…",This leads to…,God søvn fører til at man konsentrerer seg bedre.,Mindre biltrafikk ___ til at lufta i sentrum blir renere.,fører,Det fører ___ at flere velger å reise med tog.,til,draft,Norsk Ordbank (CC BY 4.0) + NDT Bokmål (CC0 1.0)
p-048,Det betyr mye for,phrase,,A2,familie;helse,uttrykk: Det betyr mye for,Это много значит для…,Це багато значить для…,It means a lot to / for…,Det betyr mye for trivselen å ha gode naboer.,Det ___ mye for eldre å ha butikk i nærheten.,betyr,Støtten fra kollegene ___ mye for meg da jeg var ny.,betydde,draft,Norsk Ordbank (CC BY 4.0) + NDT Bokmål (CC0 1.0)
p-049,Vi kan sammenligne dette med,phrase,,B1,arbeid;familie,uttrykk: Vi kan sammenligne dette med,Мы можем сравнить это с…,Ми можемо порівняти це з…,We can compare this with…,Vi kan sammenligne dette med skolesystemet i hjemlandet mitt.,Vi kan ___ dette med hvordan det var for ti år siden.,sammenligne,Vi kan sammenligne dette ___ prisene i andre byer.,med,draft,Norsk Ordbank (CC BY 4.0) + NDT Bokmål (CC0 1.0)
p-050,For å oppsummere vil jeg si at,phrase,,B1,arbeid;bolig,uttrykk: For å oppsummere vil jeg si at,"Подводя итог, я хочу сказать, что…","Підсумовуючи, я хочу сказати, що…",To sum up I would say that…,For å oppsummere vil jeg si at en kombinasjon fungerer best.,For å ___ vil jeg si at både pris og kvalitet teller.,oppsummere,For å oppsummere ___ jeg si at vi har funnet en god plan.,vil,draft,Norsk Ordbank (CC BY 4.0) + NDT Bokmål (CC0 1.0)
